Identificador;Nombres;Apellidos;Edad;E_mail;Ciudad;Juegos;Series;;;;;;;;
1134708498;samuel;gomez;37;samuelgomez@unal.edu.co;tunja;0;1;;;;;1;luis;rodriguez;bogota
1134708499;maria;gomez;39;mariagomez@unal.edu.co;cali;0;1;;;;;2;jose;gomez;medellin
1134708500;nicolas;sanchez;25;nicolassanchez@unal.edu.co;villavicencio;0;1;;;;;3;carlos;gonzalez;cali
1134708501;luz;garcia;27;luzgarcia@unal.edu.co;bogota;0;1;;;;;4;juan;martinez;cartagena
1134708502;luis;rodriguez;19;luisrodriguez@unal.edu.co;medellin;0;1;;;;;5;santiago;garcia;bucaramanga
1134708503;maria;rodriguez;41;mariarodriguez@unal.edu.co;bucaramanga;0;1;;;;;6;sebastian;ramirez;villavicencio
1134708504;daniela;rojas;21;danielarojas@unal.edu.co;barranquilla;0;1;;;;;7;alejandro;lopez;barranquilla
1134708505;alejandro;ramirez;30;alejandroramirez@unal.edu.co;manizales;0;1;;;;;8;nicolas;sanchez;manizales
1134708506;nicolas;rojas;33;nicolasrojas@unal.edu.co;cartagena;0;1;;;;;9;samuel;hernandez;popayan
1134708507;luisa;lopez;39;luisalopez@unal.edu.co;cartagena;0;1;;;;;10;pedro;diaz;tunja
1134708508;milena;ruiz;19;milenaruiz@unal.edu.co;popayan;0;1;;;;;11;maria;perez;
1134708509;luis;sanchez;25;luissanchez@unal.edu.co;bucaramanga;0;1;;;;;12;luz;torres;
1134708510;luz;garcia;17;luzgarcia@unal.edu.co;tunja;0;1;;;;;13;ana;rojas;
1134708511;sandra;castro;22;sandracastro@unal.edu.co;manizales;0;1;;;;;14;marina;vargas;
1134708512;luisa;rodriguez;36;luisarodriguez@unal.edu.co;manizales;0;1;;;;;15;sandra;moreno;
1134708513;santiago;lopez;34;santiagolopez@unal.edu.co;cali;0;1;;;;;16;milena;gutierrez;
1134708514;nicolas;ortiz;33;nicolasortiz@unal.edu.co;bucaramanga;0;1;;;;;17;daniela;jimenez;
1134708515;ana;jimenez;41;anajimenez@unal.edu.co;bucaramanga;0;1;;;;;18;susana;castro;
1134708516;samuel;rodriguez;27;samuelrodriguez@unal.edu.co;cartagena;0;1;;;;;19;luisa;ortiz;
1134708517;samuel;sanchez;23;samuelsanchez@unal.edu.co;manizales;0;1;;;;;20;liliana;ruiz;
1134708518;milena;diaz;20;milenadiaz@unal.edu.co;medellin;0;1;;;;;;;;
1134708519;carlos;ruiz;31;carlosruiz@unal.edu.co;tunja;0;1;;;;;;;;
1134708520;luis;gomez;18;luisgomez@unal.edu.co;bucaramanga;0;1;;;;;;;;
1134708521;luis;castro;32;luiscastro@unal.edu.co;tunja;0;1;;;;;;;;
1134708522;daniela;perez;31;danielaperez@unal.edu.co;barranquilla;0;1;;;;;;;;
1134708523;sebastian;gutierrez;27;sebastiangutierrez@unal.edu.co;tunja;0;1;;;;;;;;
1134708524;ana;jimenez;35;anajimenez@unal.edu.co;cali;0;1;;;;;;;;
1134708525;luis;gomez;22;luisgomez@unal.edu.co;bucaramanga;0;1;;;;;;;;
1134708526;sebastian;lopez;35;sebastianlopez@unal.edu.co;manizales;0;1;;;;;;;;
1134708527;susana;rojas;18;susanarojas@unal.edu.co;cartagena;0;1;;;;;;;;
1134708528;luz;ortiz;35;luzortiz@unal.edu.co;cartagena;0;1;;;;;;;;
1134708529;jose;jimenez;28;josejimenez@unal.edu.co;cali;0;1;;;;;;;;
1134708530;sebastian;jimenez;32;sebastianjimenez@unal.edu.co;manizales;0;1;;;;;;;;
1134708531;sandra;hernandez;23;sandrahernandez@unal.edu.co;villavicencio;0;1;;;;;;;;
1134708532;ana;lopez;16;analopez@unal.edu.co;barranquilla;0;1;;;;;;;;
1134708533;pedro;hernandez;31;pedrohernandez@unal.edu.co;bogota;0;1;;;;;;;;
1134708534;juan;rodriguez;21;juanrodriguez@unal.edu.co;cali;0;1;;;;;;;;
1134708535;luz;lopez;36;luzlopez@unal.edu.co;manizales;0;1;;;;;;;;
1134708536;juan;perez;17;juanperez@unal.edu.co;cartagena;0;1;;;;;;;;
1134708537;samuel;sanchez;42;samuelsanchez@unal.edu.co;medellin;0;1;;;;;;;;
1134708538;ana;garcia;41;anagarcia@unal.edu.co;cartagena;0;1;;;;;;;;
1134708539;nicolas;gonzalez;39;nicolasgonzalez@unal.edu.co;popayan;0;1;;;;;;;;
1134708540;maria;rodriguez;18;mariarodriguez@unal.edu.co;medellin;0;1;;;;;;;;
1134708541;liliana;jimenez;44;lilianajimenez@unal.edu.co;medellin;0;1;;;;;;;;
1134708542;juan;perez;23;juanperez@unal.edu.co;bucaramanga;0;1;;;;;;;;
1134708543;sebastian;rodriguez;41;sebastianrodriguez@unal.edu.co;barranquilla;0;1;;;;;;;;
1134708544;nicolas;garcia;27;nicolasgarcia@unal.edu.co;bucaramanga;0;1;;;;;;;;
1134708545;jose;torres;36;josetorres@unal.edu.co;cartagena;0;1;;;;;;;;
1134708546;nicolas;garcia;29;nicolasgarcia@unal.edu.co;tunja;0;1;;;;;;;;
1134708547;maria;sanchez;44;mariasanchez@unal.edu.co;medellin;0;1;;;;;;;;
1134708548;pedro;martinez;38;pedromartinez@unal.edu.co;villavicencio;0;1;;;;;;;;
1134708549;ana;vargas;23;anavargas@unal.edu.co;popayan;0;1;;;;;;;;
1134708550;daniela;torres;41;danielatorres@unal.edu.co;bucaramanga;0;1;;;;;;;;
1134708551;luis;jimenez;33;luisjimenez@unal.edu.co;tunja;0;1;;;;;;;;
1134708552;santiago;rodriguez;24;santiagorodriguez@unal.edu.co;cartagena;0;1;;;;;;;;
1134708553;juan;vargas;33;juanvargas@unal.edu.co;barranquilla;0;1;;;;;;;;
1134708554;jose;rojas;23;joserojas@unal.edu.co;barranquilla;0;1;;;;;;;;
1134708555;liliana;torres;37;lilianatorres@unal.edu.co;barranquilla;0;1;;;;;;;;
1134708556;carlos;martinez;29;carlosmartinez@unal.edu.co;manizales;0;1;;;;;;;;
1134708557;jose;rojas;37;joserojas@unal.edu.co;bucaramanga;0;1;;;;;;;;
1134708558;daniela;jimenez;40;danielajimenez@unal.edu.co;popayan;0;1;;;;;;;;
1134708559;nicolas;moreno;16;nicolasmoreno@unal.edu.co;villavicencio;0;1;;;;;;;;
1134708560;santiago;garcia;37;santiagogarcia@unal.edu.co;cartagena;0;1;;;;;;;;
1134708561;jose;gutierrez;45;josegutierrez@unal.edu.co;bogota;0;1;;;;;;;;
1134708562;pedro;gutierrez;35;pedrogutierrez@unal.edu.co;tunja;0;1;;;;;;;;
1134708563;nicolas;hernandez;29;nicolashernandez@unal.edu.co;barranquilla;0;1;;;;;;;;
1134708564;alejandro;rodriguez;22;alejandrorodriguez@unal.edu.co;cartagena;0;1;;;;;;;;
1134708565;jose;diaz;36;josediaz@unal.edu.co;tunja;0;1;;;;;;;;
1134708566;nicolas;sanchez;34;nicolassanchez@unal.edu.co;medellin;0;1;;;;;;;;
1134708567;samuel;diaz;25;samueldiaz@unal.edu.co;bucaramanga;0;1;;;;;;;;
1134708568;carlos;hernandez;20;carloshernandez@unal.edu.co;tunja;0;1;;;;;;;;
1134708569;carlos;ruiz;23;carlosruiz@unal.edu.co;manizales;0;1;;;;;;;;
1134708570;pedro;perez;22;pedroperez@unal.edu.co;manizales;0;1;;;;;;;;
1134708571;santiago;diaz;16;santiagodiaz@unal.edu.co;cali;0;1;;;;;;;;
1134708572;luis;vargas;35;luisvargas@unal.edu.co;bucaramanga;0;1;;;;;;;;
1134708573;maria;perez;31;mariaperez@unal.edu.co;bucaramanga;0;1;;;;;;;;
1134708574;pedro;martinez;22;pedromartinez@unal.edu.co;barranquilla;0;1;;;;;;;;
1134708575;sebastian;gomez;16;sebastiangomez@unal.edu.co;bucaramanga;0;1;;;;;;;;
1134708576;juan;moreno;22;juanmoreno@unal.edu.co;popayan;0;1;;;;;;;;
1134708577;jose;sanchez;32;josesanchez@unal.edu.co;popayan;0;1;;;;;;;;
1134708578;liliana;gonzalez;29;lilianagonzalez@unal.edu.co;barranquilla;0;1;;;;;;;;
1134708579;luisa;hernandez;27;luisahernandez@unal.edu.co;villavicencio;0;1;;;;;;;;
1134708580;maria;ruiz;40;mariaruiz@unal.edu.co;cartagena;0;1;;;;;;;;
1134708581;luisa;rodriguez;24;luisarodriguez@unal.edu.co;barranquilla;0;1;;;;;;;;
1134708582;santiago;hernandez;41;santiagohernandez@unal.edu.co;cartagena;0;1;;;;;;;;
1134708583;sandra;martinez;40;sandramartinez@unal.edu.co;cartagena;0;1;;;;;;;;
1134708584;pedro;ruiz;21;pedroruiz@unal.edu.co;cali;0;1;;;;;;;;
1134708585;jose;diaz;31;josediaz@unal.edu.co;cali;0;1;;;;;;;;
1134708586;luis;ruiz;22;luisruiz@unal.edu.co;barranquilla;0;1;;;;;;;;
1134708587;ana;ruiz;27;anaruiz@unal.edu.co;barranquilla;0;1;;;;;;;;
1134708588;luz;moreno;18;luzmoreno@unal.edu.co;popayan;0;1;;;;;;;;
1134708589;liliana;moreno;45;lilianamoreno@unal.edu.co;tunja;0;1;;;;;;;;
1134708590;milena;diaz;36;milenadiaz@unal.edu.co;villavicencio;0;1;;;;;;;;
1134708591;pedro;castro;39;pedrocastro@unal.edu.co;villavicencio;0;1;;;;;;;;
1134708592;luisa;gonzalez;18;luisagonzalez@unal.edu.co;medellin;0;1;;;;;;;;
1134708593;milena;hernandez;34;milenahernandez@unal.edu.co;manizales;0;1;;;;;;;;
1134708594;sandra;vargas;39;sandravargas@unal.edu.co;bucaramanga;0;1;;;;;;;;
1134708595;milena;moreno;35;milenamoreno@unal.edu.co;bucaramanga;0;1;;;;;;;;
1134708596;juan;ortiz;17;juanortiz@unal.edu.co;popayan;0;1;;;;;;;;
1134708597;daniela;hernandez;26;danielahernandez@unal.edu.co;cali;0;1;;;;;;;;
1134708598;juan;jimenez;25;juanjimenez@unal.edu.co;cali;0;1;;;;;;;;
1134708599;milena;gutierrez;39;milenagutierrez@unal.edu.co;bogota;0;1;;;;;;;;
1134708600;marina;gutierrez;17;marinagutierrez@unal.edu.co;barranquilla;0;1;;;;;;;;
1134708601;ana;ortiz;23;anaortiz@unal.edu.co;medellin;0;1;;;;;;;;
1134708602;pedro;martinez;25;pedromartinez@unal.edu.co;medellin;0;1;;;;;;;;
1134708603;nicolas;gomez;31;nicolasgomez@unal.edu.co;medellin;0;1;;;;;;;;
1134708604;pedro;rojas;20;pedrorojas@unal.edu.co;villavicencio;0;1;;;;;;;;
1134708605;juan;diaz;37;juandiaz@unal.edu.co;medellin;0;1;;;;;;;;
1134708606;luz;garcia;24;luzgarcia@unal.edu.co;cartagena;0;1;;;;;;;;
1134708607;jose;ramirez;38;joseramirez@unal.edu.co;tunja;0;1;;;;;;;;
1134708608;juan;gomez;35;juangomez@unal.edu.co;bogota;0;1;;;;;;;;
1134708609;luisa;perez;42;luisaperez@unal.edu.co;barranquilla;0;1;;;;;;;;
1134708610;sebastian;gonzalez;41;sebastiangonzalez@unal.edu.co;medellin;0;1;;;;;;;;
1134708611;alejandro;ramirez;30;alejandroramirez@unal.edu.co;bogota;0;1;;;;;;;;
1134708612;samuel;diaz;19;samueldiaz@unal.edu.co;tunja;0;1;;;;;;;;
1134708613;maria;rodriguez;16;mariarodriguez@unal.edu.co;villavicencio;0;1;;;;;;;;
1134708614;santiago;vargas;18;santiagovargas@unal.edu.co;manizales;0;1;;;;;;;;
1134708615;pedro;martinez;41;pedromartinez@unal.edu.co;manizales;0;1;;;;;;;;
1134708616;ana;ortiz;16;anaortiz@unal.edu.co;cali;0;1;;;;;;;;
1134708617;luz;perez;43;luzperez@unal.edu.co;manizales;0;1;;;;;;;;
1134708618;sandra;ortiz;28;sandraortiz@unal.edu.co;popayan;0;1;;;;;;;;
1134708619;ana;garcia;24;anagarcia@unal.edu.co;cali;0;1;;;;;;;;
1134708620;luis;gonzalez;23;luisgonzalez@unal.edu.co;bogota;0;1;;;;;;;;
1134708621;luisa;gutierrez;36;luisagutierrez@unal.edu.co;cali;0;1;;;;;;;;
1134708622;susana;ramirez;22;susanaramirez@unal.edu.co;bucaramanga;0;1;;;;;;;;
1134708623;luis;torres;39;luistorres@unal.edu.co;cartagena;0;1;;;;;;;;
1134708624;ana;rojas;18;anarojas@unal.edu.co;villavicencio;0;1;;;;;;;;
1134708625;santiago;gonzalez;16;santiagogonzalez@unal.edu.co;cali;0;1;;;;;;;;
1134708626;pedro;hernandez;18;pedrohernandez@unal.edu.co;popayan;0;1;;;;;;;;
1134708627;santiago;jimenez;18;santiagojimenez@unal.edu.co;cartagena;0;1;;;;;;;;
1134708628;sebastian;castro;27;sebastiancastro@unal.edu.co;cali;0;1;;;;;;;;
1134708629;sandra;moreno;22;sandramoreno@unal.edu.co;popayan;0;1;;;;;;;;
1134708630;alejandro;lopez;38;alejandrolopez@unal.edu.co;bucaramanga;0;1;;;;;;;;
1134708631;sandra;rojas;45;sandrarojas@unal.edu.co;villavicencio;0;1;;;;;;;;
1134708632;liliana;gomez;39;lilianagomez@unal.edu.co;popayan;0;1;;;;;;;;
1134708633;luis;sanchez;21;luissanchez@unal.edu.co;villavicencio;0;1;;;;;;;;
1134708634;jose;diaz;19;josediaz@unal.edu.co;villavicencio;0;1;;;;;;;;
1134708635;nicolas;gonzalez;42;nicolasgonzalez@unal.edu.co;villavicencio;0;1;;;;;;;;
1134708636;luis;lopez;44;luislopez@unal.edu.co;cartagena;0;1;;;;;;;;
1134708637;sandra;perez;17;sandraperez@unal.edu.co;manizales;0;1;;;;;;;;
1134708638;carlos;martinez;34;carlosmartinez@unal.edu.co;manizales;0;1;;;;;;;;
1134708639;carlos;lopez;38;carloslopez@unal.edu.co;manizales;0;1;;;;;;;;
1134708640;santiago;garcia;23;santiagogarcia@unal.edu.co;cartagena;0;1;;;;;;;;
1134708641;juan;hernandez;20;juanhernandez@unal.edu.co;villavicencio;0;1;;;;;;;;
1134708642;sandra;torres;45;sandratorres@unal.edu.co;cartagena;0;1;;;;;;;;
1134708643;carlos;martinez;43;carlosmartinez@unal.edu.co;bucaramanga;0;1;;;;;;;;
1134708644;maria;garcia;26;mariagarcia@unal.edu.co;cartagena;0;1;;;;;;;;
1134708645;luisa;rojas;38;luisarojas@unal.edu.co;villavicencio;0;1;;;;;;;;
1134708646;susana;ruiz;33;susanaruiz@unal.edu.co;barranquilla;0;1;;;;;;;;
1134708647;juan;vargas;42;juanvargas@unal.edu.co;bucaramanga;0;1;;;;;;;;
1134708648;marina;jimenez;36;marinajimenez@unal.edu.co;villavicencio;0;1;;;;;;;;
1134708649;luis;moreno;32;luismoreno@unal.edu.co;tunja;0;1;;;;;;;;
1134708650;luis;rojas;22;luisrojas@unal.edu.co;cartagena;0;1;;;;;;;;
1134708651;daniela;sanchez;37;danielasanchez@unal.edu.co;medellin;0;1;;;;;;;;
1134708652;pedro;vargas;20;pedrovargas@unal.edu.co;villavicencio;0;1;;;;;;;;
1134708653;susana;ramirez;19;susanaramirez@unal.edu.co;cali;0;1;;;;;;;;
1134708654;milena;gomez;34;milenagomez@unal.edu.co;cali;0;1;;;;;;;;
1134708655;juan;sanchez;20;juansanchez@unal.edu.co;barranquilla;0;1;;;;;;;;
1134708656;carlos;diaz;21;carlosdiaz@unal.edu.co;cali;0;1;;;;;;;;
1134708657;carlos;rojas;27;carlosrojas@unal.edu.co;tunja;0;1;;;;;;;;
1134708658;marina;rojas;26;marinarojas@unal.edu.co;barranquilla;0;1;;;;;;;;
1134708659;susana;garcia;32;susanagarcia@unal.edu.co;barranquilla;0;1;;;;;;;;
1134708660;luis;gonzalez;17;luisgonzalez@unal.edu.co;villavicencio;0;1;;;;;;;;
1134708661;luz;garcia;36;luzgarcia@unal.edu.co;bucaramanga;0;1;;;;;;;;
1134708662;santiago;perez;18;santiagoperez@unal.edu.co;barranquilla;0;1;;;;;;;;
1134708663;carlos;gonzalez;40;carlosgonzalez@unal.edu.co;bogota;0;1;;;;;;;;
1134708664;alejandro;jimenez;21;alejandrojimenez@unal.edu.co;medellin;0;1;;;;;;;;
1134708665;liliana;hernandez;40;lilianahernandez@unal.edu.co;bogota;0;1;;;;;;;;
1134708666;daniela;perez;43;danielaperez@unal.edu.co;bucaramanga;0;1;;;;;;;;
1134708667;marina;ortiz;19;marinaortiz@unal.edu.co;villavicencio;0;1;;;;;;;;
1134708668;santiago;lopez;42;santiagolopez@unal.edu.co;tunja;0;1;;;;;;;;
1134708669;nicolas;martinez;29;nicolasmartinez@unal.edu.co;barranquilla;0;1;;;;;;;;
1134708670;samuel;garcia;39;samuelgarcia@unal.edu.co;tunja;0;1;;;;;;;;
1134708671;milena;gonzalez;24;milenagonzalez@unal.edu.co;popayan;0;1;;;;;;;;
1134708672;jose;torres;36;josetorres@unal.edu.co;popayan;0;1;;;;;;;;
1134708673;luisa;ortiz;25;luisaortiz@unal.edu.co;medellin;0;1;;;;;;;;
1134708674;santiago;castro;20;santiagocastro@unal.edu.co;medellin;0;1;;;;;;;;
1134708675;santiago;garcia;28;santiagogarcia@unal.edu.co;manizales;0;1;;;;;;;;
1134708676;samuel;jimenez;32;samueljimenez@unal.edu.co;barranquilla;0;1;;;;;;;;
1134708677;daniela;rojas;24;danielarojas@unal.edu.co;villavicencio;0;1;;;;;;;;
1134708678;ana;martinez;30;anamartinez@unal.edu.co;bucaramanga;0;1;;;;;;;;
1134708679;jose;lopez;23;joselopez@unal.edu.co;villavicencio;0;1;;;;;;;;
1134708680;juan;gutierrez;27;juangutierrez@unal.edu.co;cali;0;1;;;;;;;;
1134708681;nicolas;perez;29;nicolasperez@unal.edu.co;popayan;0;1;;;;;;;;
1134708682;maria;rojas;28;mariarojas@unal.edu.co;bucaramanga;0;1;;;;;;;;
1134708683;santiago;jimenez;30;santiagojimenez@unal.edu.co;cartagena;0;1;;;;;;;;
1134708684;marina;rodriguez;41;marinarodriguez@unal.edu.co;villavicencio;0;1;;;;;;;;
1134708685;sandra;hernandez;19;sandrahernandez@unal.edu.co;bucaramanga;0;1;;;;;;;;
1134708686;juan;rojas;26;juanrojas@unal.edu.co;manizales;0;1;;;;;;;;
1134708687;liliana;martinez;24;lilianamartinez@unal.edu.co;bogota;0;1;;;;;;;;
1134708688;sebastian;vargas;42;sebastianvargas@unal.edu.co;cali;0;1;;;;;;;;
1134708689;milena;vargas;36;milenavargas@unal.edu.co;bucaramanga;0;1;;;;;;;;
1134708690;susana;garcia;42;susanagarcia@unal.edu.co;villavicencio;0;1;;;;;;;;
1134708691;milena;martinez;32;milenamartinez@unal.edu.co;cali;0;1;;;;;;;;
1134708692;maria;castro;28;mariacastro@unal.edu.co;bogota;0;1;;;;;;;;
1134708693;carlos;garcia;44;carlosgarcia@unal.edu.co;villavicencio;0;1;;;;;;;;
1134708694;sandra;ramirez;40;sandraramirez@unal.edu.co;cali;0;1;;;;;;;;
1134708695;luis;vargas;22;luisvargas@unal.edu.co;manizales;0;1;;;;;;;;
1134708696;susana;ortiz;29;susanaortiz@unal.edu.co;cartagena;0;1;;;;;;;;
1134708697;jose;ruiz;16;joseruiz@unal.edu.co;tunja;0;1;;;;;;;;
1134708698;marina;ruiz;36;marinaruiz@unal.edu.co;villavicencio;0;1;;;;;;;;
1134708699;juan;perez;21;juanperez@unal.edu.co;manizales;0;1;;;;;;;;
1134708700;carlos;torres;44;carlostorres@unal.edu.co;medellin;0;1;;;;;;;;
1134708701;milena;lopez;35;milenalopez@unal.edu.co;barranquilla;0;1;;;;;;;;
1134708702;luisa;rodriguez;19;luisarodriguez@unal.edu.co;bucaramanga;0;1;;;;;;;;
1134708703;luis;castro;42;luiscastro@unal.edu.co;bucaramanga;0;1;;;;;;;;
1134708704;marina;sanchez;24;marinasanchez@unal.edu.co;cartagena;0;1;;;;;;;;
1134708705;sandra;moreno;19;sandramoreno@unal.edu.co;bucaramanga;0;1;;;;;;;;
1134708706;carlos;sanchez;27;carlossanchez@unal.edu.co;manizales;0;1;;;;;;;;
1134708707;liliana;rojas;19;lilianarojas@unal.edu.co;villavicencio;0;1;;;;;;;;
1134708708;maria;gonzalez;36;mariagonzalez@unal.edu.co;barranquilla;0;1;;;;;;;;
1134708709;carlos;moreno;29;carlosmoreno@unal.edu.co;bogota;0;1;;;;;;;;
1134708710;jose;garcia;40;josegarcia@unal.edu.co;medellin;0;1;;;;;;;;
1134708711;pedro;martinez;30;pedromartinez@unal.edu.co;medellin;0;1;;;;;;;;
1134708712;susana;garcia;17;susanagarcia@unal.edu.co;cali;0;1;;;;;;;;
1134708713;carlos;garcia;38;carlosgarcia@unal.edu.co;cartagena;0;1;;;;;;;;
1134708714;maria;rojas;23;mariarojas@unal.edu.co;bogota;0;1;;;;;;;;
1134708715;santiago;perez;24;santiagoperez@unal.edu.co;barranquilla;0;1;;;;;;;;
1134708716;alejandro;sanchez;28;alejandrosanchez@unal.edu.co;bogota;0;1;;;;;;;;
1134708717;luisa;gomez;40;luisagomez@unal.edu.co;barranquilla;0;1;;;;;;;;
1134708718;sebastian;perez;25;sebastianperez@unal.edu.co;popayan;0;1;;;;;;;;
1134708719;luz;ramirez;37;luzramirez@unal.edu.co;bogota;0;1;;;;;;;;
1134708720;carlos;torres;19;carlostorres@unal.edu.co;cartagena;0;1;;;;;;;;
1134708721;maria;garcia;44;mariagarcia@unal.edu.co;cartagena;0;1;;;;;;;;
1134708722;ana;gonzalez;39;anagonzalez@unal.edu.co;bogota;0;1;;;;;;;;
1134708723;marina;martinez;24;marinamartinez@unal.edu.co;villavicencio;0;1;;;;;;;;
1134708724;susana;lopez;34;susanalopez@unal.edu.co;bucaramanga;0;1;;;;;;;;
1134708725;juan;ramirez;37;juanramirez@unal.edu.co;cartagena;0;1;;;;;;;;
1134708726;luz;perez;24;luzperez@unal.edu.co;medellin;0;1;;;;;;;;
1134708727;santiago;sanchez;44;santiagosanchez@unal.edu.co;barranquilla;0;1;;;;;;;;
1134708728;luz;torres;34;luztorres@unal.edu.co;cali;0;1;;;;;;;;
1134708729;nicolas;perez;17;nicolasperez@unal.edu.co;bogota;0;1;;;;;;;;
1134708730;luis;gomez;36;luisgomez@unal.edu.co;bogota;0;1;;;;;;;;
1134708731;juan;ramirez;21;juanramirez@unal.edu.co;bucaramanga;0;1;;;;;;;;
1134708732;milena;gomez;20;milenagomez@unal.edu.co;manizales;0;1;;;;;;;;
1134708733;sandra;hernandez;29;sandrahernandez@unal.edu.co;bogota;0;1;;;;;;;;
1134708734;susana;ruiz;24;susanaruiz@unal.edu.co;cali;0;1;;;;;;;;
1134708735;nicolas;gomez;24;nicolasgomez@unal.edu.co;manizales;0;1;;;;;;;;
1134708736;sebastian;lopez;31;sebastianlopez@unal.edu.co;bogota;0;1;;;;;;;;
1134708737;juan;gutierrez;45;juangutierrez@unal.edu.co;manizales;0;1;;;;;;;;
1134708738;luz;hernandez;25;luzhernandez@unal.edu.co;medellin;0;1;;;;;;;;
1134708739;sandra;castro;33;sandracastro@unal.edu.co;popayan;0;1;;;;;;;;
1134708740;milena;martinez;44;milenamartinez@unal.edu.co;barranquilla;0;1;;;;;;;;
1134708741;carlos;gomez;19;carlosgomez@unal.edu.co;medellin;0;1;;;;;;;;
1134708742;milena;vargas;22;milenavargas@unal.edu.co;popayan;0;1;;;;;;;;
1134708743;susana;vargas;42;susanavargas@unal.edu.co;popayan;0;1;;;;;;;;
1134708744;jose;martinez;42;josemartinez@unal.edu.co;barranquilla;0;1;;;;;;;;
1134708745;luz;hernandez;43;luzhernandez@unal.edu.co;medellin;0;1;;;;;;;;
1134708746;sebastian;vargas;42;sebastianvargas@unal.edu.co;manizales;0;1;;;;;;;;
1134708747;luz;rodriguez;41;luzrodriguez@unal.edu.co;cali;0;1;;;;;;;;
1134708748;sebastian;sanchez;24;sebastiansanchez@unal.edu.co;tunja;0;1;;;;;;;;
1134708749;jose;gonzalez;24;josegonzalez@unal.edu.co;bucaramanga;0;1;;;;;;;;
1134708750;samuel;ramirez;38;samuelramirez@unal.edu.co;bogota;0;1;;;;;;;;
1134708751;pedro;ruiz;31;pedroruiz@unal.edu.co;bucaramanga;0;1;;;;;;;;
1134708752;santiago;lopez;33;santiagolopez@unal.edu.co;medellin;0;1;;;;;;;;
1134708753;juan;ortiz;42;juanortiz@unal.edu.co;villavicencio;0;1;;;;;;;;
1134708754;luz;vargas;17;luzvargas@unal.edu.co;bucaramanga;0;1;;;;;;;;
1134708755;alejandro;lopez;18;alejandrolopez@unal.edu.co;barranquilla;0;1;;;;;;;;
1134708756;carlos;vargas;18;carlosvargas@unal.edu.co;barranquilla;0;1;;;;;;;;
1134708757;nicolas;gutierrez;38;nicolasgutierrez@unal.edu.co;popayan;0;1;;;;;;;;
1134708758;jose;rojas;44;joserojas@unal.edu.co;tunja;0;1;;;;;;;;
1134708759;marina;moreno;32;marinamoreno@unal.edu.co;tunja;0;1;;;;;;;;
1134708760;nicolas;torres;33;nicolastorres@unal.edu.co;cartagena;0;1;;;;;;;;
1134708761;santiago;diaz;34;santiagodiaz@unal.edu.co;bucaramanga;0;1;;;;;;;;
1134708762;luisa;diaz;41;luisadiaz@unal.edu.co;cali;0;1;;;;;;;;
1134708763;milena;castro;45;milenacastro@unal.edu.co;popayan;0;1;;;;;;;;
1134708764;susana;rodriguez;40;susanarodriguez@unal.edu.co;manizales;0;1;;;;;;;;
1134708765;ana;ruiz;43;anaruiz@unal.edu.co;cali;0;1;;;;;;;;
1134708766;pedro;perez;17;pedroperez@unal.edu.co;barranquilla;0;1;;;;;;;;
1134708767;marina;moreno;37;marinamoreno@unal.edu.co;villavicencio;0;1;;;;;;;;
1134708768;luisa;sanchez;22;luisasanchez@unal.edu.co;barranquilla;0;1;;;;;;;;
1134708769;sandra;rodriguez;28;sandrarodriguez@unal.edu.co;cartagena;0;1;;;;;;;;
1134708770;sebastian;gonzalez;35;sebastiangonzalez@unal.edu.co;manizales;0;1;;;;;;;;
1134708771;susana;lopez;17;susanalopez@unal.edu.co;cartagena;0;1;;;;;;;;
1134708772;santiago;moreno;33;santiagomoreno@unal.edu.co;villavicencio;0;1;;;;;;;;
1134708773;liliana;perez;37;lilianaperez@unal.edu.co;medellin;0;1;;;;;;;;
1134708774;ana;gutierrez;32;anagutierrez@unal.edu.co;villavicencio;0;1;;;;;;;;
1134708775;maria;jimenez;41;mariajimenez@unal.edu.co;barranquilla;0;1;;;;;;;;
1134708776;samuel;rodriguez;26;samuelrodriguez@unal.edu.co;bogota;0;1;;;;;;;;
1134708777;santiago;hernandez;25;santiagohernandez@unal.edu.co;villavicencio;0;1;;;;;;;;
1134708778;sebastian;vargas;35;sebastianvargas@unal.edu.co;medellin;0;1;;;;;;;;
1134708779;sandra;rodriguez;33;sandrarodriguez@unal.edu.co;cartagena;0;1;;;;;;;;
1134708780;luz;hernandez;31;luzhernandez@unal.edu.co;cartagena;0;1;;;;;;;;
1134708781;daniela;hernandez;25;danielahernandez@unal.edu.co;barranquilla;0;1;;;;;;;;
1134708782;liliana;gutierrez;41;lilianagutierrez@unal.edu.co;popayan;0;1;;;;;;;;
1134708783;susana;rojas;20;susanarojas@unal.edu.co;manizales;0;1;;;;;;;;
1134708784;sebastian;castro;18;sebastiancastro@unal.edu.co;popayan;0;1;;;;;;;;
1134708785;carlos;perez;37;carlosperez@unal.edu.co;medellin;0;1;;;;;;;;
1134708786;daniela;torres;18;danielatorres@unal.edu.co;medellin;0;1;;;;;;;;
1134708787;sandra;vargas;29;sandravargas@unal.edu.co;medellin;0;1;;;;;;;;
1134708788;maria;ramirez;29;mariaramirez@unal.edu.co;medellin;0;1;;;;;;;;
1134708789;liliana;rodriguez;27;lilianarodriguez@unal.edu.co;manizales;0;1;;;;;;;;
1134708790;marina;rojas;17;marinarojas@unal.edu.co;manizales;0;1;;;;;;;;
1134708791;luisa;ruiz;30;luisaruiz@unal.edu.co;manizales;0;1;;;;;;;;
1134708792;nicolas;martinez;37;nicolasmartinez@unal.edu.co;cartagena;0;1;;;;;;;;
1134708793;daniela;gonzalez;16;danielagonzalez@unal.edu.co;bucaramanga;0;1;;;;;;;;
1134708794;carlos;martinez;16;carlosmartinez@unal.edu.co;manizales;0;1;;;;;;;;
1134708795;alejandro;rodriguez;21;alejandrorodriguez@unal.edu.co;barranquilla;0;1;;;;;;;;
1134708796;jose;castro;43;josecastro@unal.edu.co;tunja;0;1;;;;;;;;
1134708797;alejandro;gomez;25;alejandrogomez@unal.edu.co;cartagena;0;1;;;;;;;;
1134708798;jose;sanchez;30;josesanchez@unal.edu.co;bucaramanga;1;0;;;;;;;;
1134708799;sebastian;ramirez;35;sebastianramirez@unal.edu.co;manizales;1;0;;;;;;;;
1134708800;sandra;rojas;29;sandrarojas@unal.edu.co;bucaramanga;1;0;;;;;;;;
1134708801;maria;rojas;37;mariarojas@unal.edu.co;bucaramanga;1;0;;;;;;;;
1134708802;carlos;sanchez;30;carlossanchez@unal.edu.co;bucaramanga;1;0;;;;;;;;
1134708803;luz;torres;42;luztorres@unal.edu.co;bogota;1;0;;;;;;;;
1134708804;luz;ortiz;30;luzortiz@unal.edu.co;bogota;1;0;;;;;;;;
1134708805;sebastian;diaz;26;sebastiandiaz@unal.edu.co;popayan;1;0;;;;;;;;
1134708806;nicolas;gomez;23;nicolasgomez@unal.edu.co;tunja;1;0;;;;;;;;
1134708807;marina;rodriguez;40;marinarodriguez@unal.edu.co;tunja;1;0;;;;;;;;
1134708808;jose;sanchez;20;josesanchez@unal.edu.co;bucaramanga;1;0;;;;;;;;
1134708809;luis;gutierrez;29;luisgutierrez@unal.edu.co;cartagena;1;0;;;;;;;;
1134708810;ana;sanchez;37;anasanchez@unal.edu.co;tunja;1;0;;;;;;;;
1134708811;maria;ortiz;25;mariaortiz@unal.edu.co;villavicencio;1;0;;;;;;;;
1134708812;juan;ramirez;27;juanramirez@unal.edu.co;cali;1;0;;;;;;;;
1134708813;ana;martinez;22;anamartinez@unal.edu.co;bucaramanga;1;0;;;;;;;;
1134708814;pedro;garcia;43;pedrogarcia@unal.edu.co;popayan;1;0;;;;;;;;
1134708815;santiago;rojas;24;santiagorojas@unal.edu.co;medellin;1;0;;;;;;;;
1134708816;ana;ruiz;17;anaruiz@unal.edu.co;barranquilla;1;0;;;;;;;;
1134708817;pedro;diaz;44;pedrodiaz@unal.edu.co;tunja;1;0;;;;;;;;
1134708818;alejandro;rodriguez;23;alejandrorodriguez@unal.edu.co;manizales;1;0;;;;;;;;
1134708819;carlos;ramirez;45;carlosramirez@unal.edu.co;barranquilla;1;0;;;;;;;;
1134708820;susana;moreno;30;susanamoreno@unal.edu.co;villavicencio;1;0;;;;;;;;
1134708821;samuel;gutierrez;36;samuelgutierrez@unal.edu.co;bucaramanga;1;0;;;;;;;;
1134708822;santiago;rojas;34;santiagorojas@unal.edu.co;cartagena;1;0;;;;;;;;
1134708823;alejandro;rojas;28;alejandrorojas@unal.edu.co;bogota;1;0;;;;;;;;
1134708824;maria;ortiz;17;mariaortiz@unal.edu.co;bogota;1;0;;;;;;;;
1134708825;milena;ruiz;41;milenaruiz@unal.edu.co;manizales;1;0;;;;;;;;
1134708826;samuel;lopez;26;samuellopez@unal.edu.co;bucaramanga;1;0;;;;;;;;
1134708827;daniela;gomez;43;danielagomez@unal.edu.co;bucaramanga;1;0;;;;;;;;
1134708828;sebastian;ruiz;16;sebastianruiz@unal.edu.co;manizales;1;0;;;;;;;;
1134708829;liliana;vargas;34;lilianavargas@unal.edu.co;villavicencio;1;0;;;;;;;;
1134708830;nicolas;ortiz;26;nicolasortiz@unal.edu.co;popayan;1;0;;;;;;;;
1134708831;liliana;perez;28;lilianaperez@unal.edu.co;barranquilla;1;0;;;;;;;;
1134708832;carlos;perez;38;carlosperez@unal.edu.co;barranquilla;1;0;;;;;;;;
1134708833;sandra;ortiz;30;sandraortiz@unal.edu.co;manizales;1;0;;;;;;;;
1134708834;maria;ortiz;19;mariaortiz@unal.edu.co;cali;1;0;;;;;;;;
1134708835;susana;jimenez;28;susanajimenez@unal.edu.co;manizales;1;0;;;;;;;;
1134708836;marina;gonzalez;16;marinagonzalez@unal.edu.co;bogota;1;0;;;;;;;;
1134708837;liliana;castro;28;lilianacastro@unal.edu.co;cali;1;0;;;;;;;;
1134708838;liliana;gonzalez;34;lilianagonzalez@unal.edu.co;manizales;1;0;;;;;;;;
1134708839;susana;vargas;25;susanavargas@unal.edu.co;medellin;1;0;;;;;;;;
1134708840;pedro;martinez;27;pedromartinez@unal.edu.co;cartagena;1;0;;;;;;;;
1134708841;luz;martinez;40;luzmartinez@unal.edu.co;bucaramanga;1;0;;;;;;;;
1134708842;susana;sanchez;18;susanasanchez@unal.edu.co;tunja;1;0;;;;;;;;
1134708843;samuel;rodriguez;24;samuelrodriguez@unal.edu.co;cali;1;0;;;;;;;;
1134708844;jose;perez;36;joseperez@unal.edu.co;tunja;1;0;;;;;;;;
1134708845;juan;lopez;24;juanlopez@unal.edu.co;bogota;1;0;;;;;;;;
1134708846;pedro;gomez;26;pedrogomez@unal.edu.co;manizales;1;0;;;;;;;;
1134708847;alejandro;diaz;20;alejandrodiaz@unal.edu.co;popayan;1;0;;;;;;;;
1134708848;luz;perez;34;luzperez@unal.edu.co;tunja;1;0;;;;;;;;
1134708849;pedro;ortiz;16;pedroortiz@unal.edu.co;cali;1;0;;;;;;;;
1134708850;alejandro;torres;41;alejandrotorres@unal.edu.co;cartagena;1;0;;;;;;;;
1134708851;jose;perez;24;joseperez@unal.edu.co;bogota;1;0;;;;;;;;
1134708852;carlos;rojas;39;carlosrojas@unal.edu.co;manizales;1;0;;;;;;;;
1134708853;luis;sanchez;24;luissanchez@unal.edu.co;popayan;1;0;;;;;;;;
1134708854;marina;jimenez;27;marinajimenez@unal.edu.co;villavicencio;1;0;;;;;;;;
1134708855;sebastian;lopez;33;sebastianlopez@unal.edu.co;manizales;1;0;;;;;;;;
1134708856;luis;garcia;35;luisgarcia@unal.edu.co;cali;1;0;;;;;;;;
1134708857;ana;moreno;22;anamoreno@unal.edu.co;popayan;1;0;;;;;;;;
1134708858;luisa;jimenez;38;luisajimenez@unal.edu.co;cartagena;1;0;;;;;;;;
1134708859;nicolas;lopez;29;nicolaslopez@unal.edu.co;manizales;1;0;;;;;;;;
1134708860;nicolas;garcia;28;nicolasgarcia@unal.edu.co;barranquilla;1;0;;;;;;;;
1134708861;luis;hernandez;38;luishernandez@unal.edu.co;villavicencio;1;0;;;;;;;;
1134708862;samuel;ortiz;20;samuelortiz@unal.edu.co;cali;1;0;;;;;;;;
1134708863;juan;ortiz;23;juanortiz@unal.edu.co;tunja;1;0;;;;;;;;
1134708864;ana;ortiz;21;anaortiz@unal.edu.co;cartagena;1;0;;;;;;;;
1134708865;sebastian;gonzalez;16;sebastiangonzalez@unal.edu.co;cartagena;1;0;;;;;;;;
1134708866;jose;hernandez;28;josehernandez@unal.edu.co;bucaramanga;1;0;;;;;;;;
1134708867;alejandro;martinez;23;alejandromartinez@unal.edu.co;manizales;1;0;;;;;;;;
1134708868;luisa;diaz;44;luisadiaz@unal.edu.co;cartagena;1;0;;;;;;;;
1134708869;luisa;gutierrez;26;luisagutierrez@unal.edu.co;cartagena;1;0;;;;;;;;
1134708870;sandra;vargas;26;sandravargas@unal.edu.co;bogota;1;0;;;;;;;;
1134708871;juan;garcia;42;juangarcia@unal.edu.co;bogota;1;0;;;;;;;;
1134708872;juan;gonzalez;23;juangonzalez@unal.edu.co;cali;1;0;;;;;;;;
1134708873;marina;lopez;27;marinalopez@unal.edu.co;manizales;1;0;;;;;;;;
1134708874;carlos;perez;35;carlosperez@unal.edu.co;cartagena;1;0;;;;;;;;
1134708875;susana;moreno;44;susanamoreno@unal.edu.co;popayan;1;0;;;;;;;;
1134708876;sandra;rojas;32;sandrarojas@unal.edu.co;bucaramanga;1;0;;;;;;;;
1134708877;alejandro;garcia;24;alejandrogarcia@unal.edu.co;cali;1;0;;;;;;;;
1134708878;luisa;perez;45;luisaperez@unal.edu.co;bogota;1;0;;;;;;;;
1134708879;marina;castro;42;marinacastro@unal.edu.co;tunja;1;0;;;;;;;;
1134708880;jose;castro;26;josecastro@unal.edu.co;bogota;1;0;;;;;;;;
1134708881;ana;garcia;34;anagarcia@unal.edu.co;tunja;1;0;;;;;;;;
1134708882;sebastian;ramirez;38;sebastianramirez@unal.edu.co;cartagena;1;0;;;;;;;;
1134708883;nicolas;ruiz;29;nicolasruiz@unal.edu.co;cali;1;0;;;;;;;;
1134708884;nicolas;gomez;16;nicolasgomez@unal.edu.co;medellin;1;0;;;;;;;;
1134708885;ana;rodriguez;28;anarodriguez@unal.edu.co;cartagena;1;0;;;;;;;;
1134708886;luisa;sanchez;24;luisasanchez@unal.edu.co;cali;1;0;;;;;;;;
1134708887;luisa;hernandez;41;luisahernandez@unal.edu.co;cartagena;1;0;;;;;;;;
1134708888;alejandro;castro;39;alejandrocastro@unal.edu.co;barranquilla;1;0;;;;;;;;
1134708889;marina;torres;26;marinatorres@unal.edu.co;bucaramanga;1;0;;;;;;;;
1134708890;jose;lopez;39;joselopez@unal.edu.co;tunja;1;0;;;;;;;;
1134708891;santiago;ruiz;34;santiagoruiz@unal.edu.co;bucaramanga;1;0;;;;;;;;
1134708892;milena;vargas;26;milenavargas@unal.edu.co;barranquilla;1;0;;;;;;;;
1134708893;marina;vargas;16;marinavargas@unal.edu.co;cartagena;1;0;;;;;;;;
1134708894;pedro;lopez;34;pedrolopez@unal.edu.co;manizales;1;0;;;;;;;;
1134708895;santiago;diaz;32;santiagodiaz@unal.edu.co;villavicencio;1;0;;;;;;;;
1134708896;maria;lopez;44;marialopez@unal.edu.co;villavicencio;1;0;;;;;;;;
1134708897;samuel;sanchez;44;samuelsanchez@unal.edu.co;cartagena;1;0;;;;;;;;
1134708898;nicolas;gutierrez;16;nicolasgutierrez@unal.edu.co;villavicencio;1;0;;;;;;;;
1134708899;marina;garcia;30;marinagarcia@unal.edu.co;popayan;1;0;;;;;;;;
1134708900;nicolas;ortiz;28;nicolasortiz@unal.edu.co;cali;1;0;;;;;;;;
1134708901;milena;castro;31;milenacastro@unal.edu.co;villavicencio;1;0;;;;;;;;
1134708902;pedro;jimenez;27;pedrojimenez@unal.edu.co;cartagena;1;0;;;;;;;;
1134708903;jose;ramirez;21;joseramirez@unal.edu.co;tunja;1;0;;;;;;;;
1134708904;alejandro;diaz;35;alejandrodiaz@unal.edu.co;barranquilla;1;0;;;;;;;;
1134708905;liliana;vargas;43;lilianavargas@unal.edu.co;villavicencio;1;0;;;;;;;;
1134708906;sebastian;rodriguez;34;sebastianrodriguez@unal.edu.co;cali;1;0;;;;;;;;
1134708907;daniela;rojas;29;danielarojas@unal.edu.co;tunja;1;0;;;;;;;;
1134708908;luz;rodriguez;18;luzrodriguez@unal.edu.co;tunja;1;0;;;;;;;;
1134708909;juan;jimenez;25;juanjimenez@unal.edu.co;cali;1;0;;;;;;;;
1134708910;luz;martinez;38;luzmartinez@unal.edu.co;cartagena;1;0;;;;;;;;
1134708911;maria;rodriguez;27;mariarodriguez@unal.edu.co;bogota;1;0;;;;;;;;
1134708912;jose;moreno;17;josemoreno@unal.edu.co;manizales;1;0;;;;;;;;
1134708913;ana;ruiz;38;anaruiz@unal.edu.co;cartagena;1;0;;;;;;;;
1134708914;milena;moreno;31;milenamoreno@unal.edu.co;bogota;1;0;;;;;;;;
1134708915;luz;rojas;41;luzrojas@unal.edu.co;cartagena;1;0;;;;;;;;
1134708916;sandra;moreno;44;sandramoreno@unal.edu.co;villavicencio;1;0;;;;;;;;
1134708917;nicolas;rodriguez;21;nicolasrodriguez@unal.edu.co;medellin;1;0;;;;;;;;
1134708918;luisa;jimenez;34;luisajimenez@unal.edu.co;barranquilla;1;0;;;;;;;;
1134708919;pedro;moreno;38;pedromoreno@unal.edu.co;manizales;1;0;;;;;;;;
1134708920;pedro;perez;41;pedroperez@unal.edu.co;bucaramanga;1;0;;;;;;;;
1134708921;sandra;ramirez;28;sandraramirez@unal.edu.co;popayan;1;0;;;;;;;;
1134708922;santiago;vargas;22;santiagovargas@unal.edu.co;cartagena;1;0;;;;;;;;
1134708923;liliana;gutierrez;26;lilianagutierrez@unal.edu.co;medellin;1;0;;;;;;;;
1134708924;susana;castro;28;susanacastro@unal.edu.co;villavicencio;1;0;;;;;;;;
1134708925;luisa;gutierrez;23;luisagutierrez@unal.edu.co;villavicencio;1;0;;;;;;;;
1134708926;juan;lopez;41;juanlopez@unal.edu.co;medellin;1;0;;;;;;;;
1134708927;daniela;martinez;16;danielamartinez@unal.edu.co;bogota;1;0;;;;;;;;
1134708928;maria;garcia;28;mariagarcia@unal.edu.co;tunja;1;0;;;;;;;;
1134708929;liliana;jimenez;24;lilianajimenez@unal.edu.co;bucaramanga;1;0;;;;;;;;
1134708930;daniela;diaz;24;danieladiaz@unal.edu.co;villavicencio;1;0;;;;;;;;
1134708931;samuel;ruiz;45;samuelruiz@unal.edu.co;bucaramanga;1;0;;;;;;;;
1134708932;marina;vargas;37;marinavargas@unal.edu.co;medellin;1;0;;;;;;;;
1134708933;ana;perez;19;anaperez@unal.edu.co;cartagena;1;0;;;;;;;;
1134708934;sebastian;perez;20;sebastianperez@unal.edu.co;cartagena;1;0;;;;;;;;
1134708935;susana;ruiz;29;susanaruiz@unal.edu.co;cali;1;0;;;;;;;;
1134708936;milena;perez;30;milenaperez@unal.edu.co;villavicencio;1;0;;;;;;;;
1134708937;jose;sanchez;35;josesanchez@unal.edu.co;tunja;1;0;;;;;;;;
1134708938;liliana;rojas;26;lilianarojas@unal.edu.co;bucaramanga;1;0;;;;;;;;
1134708939;maria;sanchez;26;mariasanchez@unal.edu.co;popayan;1;0;;;;;;;;
1134708940;luisa;gonzalez;38;luisagonzalez@unal.edu.co;villavicencio;1;0;;;;;;;;
1134708941;luis;diaz;30;luisdiaz@unal.edu.co;cali;1;0;;;;;;;;
1134708942;maria;jimenez;31;mariajimenez@unal.edu.co;cartagena;1;0;;;;;;;;
1134708943;maria;diaz;39;mariadiaz@unal.edu.co;tunja;1;0;;;;;;;;
1134708944;susana;perez;26;susanaperez@unal.edu.co;barranquilla;1;0;;;;;;;;
1134708945;luis;martinez;30;luismartinez@unal.edu.co;popayan;1;0;;;;;;;;
1134708946;jose;gonzalez;31;josegonzalez@unal.edu.co;villavicencio;1;0;;;;;;;;
1134708947;samuel;rodriguez;23;samuelrodriguez@unal.edu.co;bogota;1;0;;;;;;;;
1134708948;carlos;ortiz;44;carlosortiz@unal.edu.co;bogota;1;0;;;;;;;;
1134708949;carlos;perez;24;carlosperez@unal.edu.co;tunja;1;0;;;;;;;;
1134708950;luis;gutierrez;43;luisgutierrez@unal.edu.co;bucaramanga;1;0;;;;;;;;
1134708951;nicolas;diaz;37;nicolasdiaz@unal.edu.co;bogota;1;0;;;;;;;;
1134708952;maria;rodriguez;43;mariarodriguez@unal.edu.co;cartagena;1;0;;;;;;;;
1134708953;luisa;perez;28;luisaperez@unal.edu.co;bucaramanga;1;0;;;;;;;;
1134708954;luis;vargas;41;luisvargas@unal.edu.co;manizales;1;0;;;;;;;;
1134708955;ana;gonzalez;23;anagonzalez@unal.edu.co;popayan;1;0;;;;;;;;
1134708956;nicolas;sanchez;41;nicolassanchez@unal.edu.co;popayan;1;0;;;;;;;;
1134708957;alejandro;gomez;20;alejandrogomez@unal.edu.co;medellin;1;0;;;;;;;;
1134708958;alejandro;lopez;23;alejandrolopez@unal.edu.co;bogota;1;0;;;;;;;;
1134708959;milena;torres;18;milenatorres@unal.edu.co;villavicencio;1;0;;;;;;;;
1134708960;luis;garcia;18;luisgarcia@unal.edu.co;bucaramanga;1;0;;;;;;;;
1134708961;susana;hernandez;31;susanahernandez@unal.edu.co;medellin;1;0;;;;;;;;
1134708962;jose;sanchez;26;josesanchez@unal.edu.co;barranquilla;1;0;;;;;;;;
1134708963;sebastian;jimenez;31;sebastianjimenez@unal.edu.co;villavicencio;1;0;;;;;;;;
1134708964;sandra;garcia;21;sandragarcia@unal.edu.co;bucaramanga;1;0;;;;;;;;
1134708965;juan;castro;19;juancastro@unal.edu.co;popayan;1;0;;;;;;;;
1134708966;luisa;hernandez;23;luisahernandez@unal.edu.co;cali;1;0;;;;;;;;
1134708967;jose;gomez;39;josegomez@unal.edu.co;cartagena;1;0;;;;;;;;
1134708968;maria;hernandez;40;mariahernandez@unal.edu.co;medellin;1;0;;;;;;;;
1134708969;luisa;rodriguez;41;luisarodriguez@unal.edu.co;manizales;1;0;;;;;;;;
1134708970;jose;torres;40;josetorres@unal.edu.co;popayan;1;0;;;;;;;;
1134708971;milena;torres;36;milenatorres@unal.edu.co;cali;1;0;;;;;;;;
1134708972;sebastian;torres;18;sebastiantorres@unal.edu.co;tunja;1;0;;;;;;;;
1134708973;liliana;martinez;24;lilianamartinez@unal.edu.co;bucaramanga;1;0;;;;;;;;
1134708974;luis;perez;32;luisperez@unal.edu.co;bogota;1;0;;;;;;;;
1134708975;marina;rodriguez;33;marinarodriguez@unal.edu.co;tunja;1;0;;;;;;;;
1134708976;liliana;diaz;30;lilianadiaz@unal.edu.co;manizales;1;0;;;;;;;;
1134708977;jose;martinez;19;josemartinez@unal.edu.co;popayan;1;0;;;;;;;;
1134708978;santiago;moreno;25;santiagomoreno@unal.edu.co;bogota;1;0;;;;;;;;
1134708979;luis;gonzalez;26;luisgonzalez@unal.edu.co;cali;1;0;;;;;;;;
1134708980;nicolas;jimenez;33;nicolasjimenez@unal.edu.co;cartagena;1;0;;;;;;;;
1134708981;ana;gonzalez;23;anagonzalez@unal.edu.co;bucaramanga;1;0;;;;;;;;
1134708982;maria;gonzalez;32;mariagonzalez@unal.edu.co;villavicencio;1;0;;;;;;;;
1134708983;maria;lopez;20;marialopez@unal.edu.co;cartagena;1;0;;;;;;;;
1134708984;sandra;diaz;33;sandradiaz@unal.edu.co;manizales;1;0;;;;;;;;
1134708985;samuel;vargas;19;samuelvargas@unal.edu.co;bucaramanga;1;0;;;;;;;;
1134708986;daniela;rodriguez;43;danielarodriguez@unal.edu.co;villavicencio;1;0;;;;;;;;
1134708987;daniela;ortiz;24;danielaortiz@unal.edu.co;popayan;1;0;;;;;;;;
1134708988;luz;perez;26;luzperez@unal.edu.co;villavicencio;1;0;;;;;;;;
1134708989;santiago;martinez;19;santiagomartinez@unal.edu.co;barranquilla;1;0;;;;;;;;
1134708990;nicolas;martinez;34;nicolasmartinez@unal.edu.co;medellin;1;0;;;;;;;;
1134708991;luis;vargas;26;luisvargas@unal.edu.co;barranquilla;1;0;;;;;;;;
1134708992;luz;rojas;19;luzrojas@unal.edu.co;medellin;1;0;;;;;;;;
1134708993;sandra;diaz;28;sandradiaz@unal.edu.co;bogota;1;0;;;;;;;;
1134708994;daniela;hernandez;30;danielahernandez@unal.edu.co;popayan;1;0;;;;;;;;
1134708995;pedro;martinez;40;pedromartinez@unal.edu.co;popayan;1;0;;;;;;;;
1134708996;luz;castro;36;luzcastro@unal.edu.co;popayan;1;0;;;;;;;;
1134708997;sebastian;vargas;18;sebastianvargas@unal.edu.co;villavicencio;1;0;;;;;;;;
1134708998;susana;rojas;41;susanarojas@unal.edu.co;tunja;1;0;;;;;;;;
1134708999;sebastian;gomez;19;sebastiangomez@unal.edu.co;villavicencio;1;0;;;;;;;;
1134709000;marina;castro;32;marinacastro@unal.edu.co;bogota;1;0;;;;;;;;
1134709001;nicolas;ruiz;27;nicolasruiz@unal.edu.co;cali;1;0;;;;;;;;
1134709002;alejandro;torres;19;alejandrotorres@unal.edu.co;cartagena;1;0;;;;;;;;
1134709003;daniela;moreno;29;danielamoreno@unal.edu.co;popayan;1;0;;;;;;;;
1134709004;sandra;perez;27;sandraperez@unal.edu.co;villavicencio;1;0;;;;;;;;
1134709005;luz;gomez;40;luzgomez@unal.edu.co;barranquilla;1;0;;;;;;;;
1134709006;susana;castro;30;susanacastro@unal.edu.co;manizales;1;0;;;;;;;;
1134709007;luz;gomez;31;luzgomez@unal.edu.co;manizales;1;0;;;;;;;;
1134709008;carlos;rojas;22;carlosrojas@unal.edu.co;cali;1;0;;;;;;;;
1134709009;juan;rodriguez;25;juanrodriguez@unal.edu.co;cartagena;1;0;;;;;;;;
1134709010;alejandro;moreno;40;alejandromoreno@unal.edu.co;manizales;1;0;;;;;;;;
1134709011;liliana;martinez;29;lilianamartinez@unal.edu.co;medellin;1;0;;;;;;;;
1134709012;ana;rodriguez;26;anarodriguez@unal.edu.co;bucaramanga;1;0;;;;;;;;
1134709013;pedro;vargas;16;pedrovargas@unal.edu.co;bucaramanga;1;0;;;;;;;;
1134709014;luisa;jimenez;27;luisajimenez@unal.edu.co;popayan;1;0;;;;;;;;
1134709015;alejandro;vargas;32;alejandrovargas@unal.edu.co;villavicencio;1;0;;;;;;;;
1134709016;jose;diaz;16;josediaz@unal.edu.co;manizales;1;0;;;;;;;;
1134709017;samuel;torres;39;samueltorres@unal.edu.co;villavicencio;1;0;;;;;;;;
1134709018;liliana;lopez;41;lilianalopez@unal.edu.co;popayan;1;0;;;;;;;;
1134709019;luz;ortiz;28;luzortiz@unal.edu.co;bogota;1;0;;;;;;;;
1134709020;samuel;sanchez;32;samuelsanchez@unal.edu.co;manizales;1;0;;;;;;;;
1134709021;sebastian;garcia;24;sebastiangarcia@unal.edu.co;medellin;1;0;;;;;;;;
1134709022;juan;rojas;42;juanrojas@unal.edu.co;medellin;1;0;;;;;;;;
1134709023;luis;gutierrez;45;luisgutierrez@unal.edu.co;popayan;1;0;;;;;;;;
1134709024;carlos;perez;40;carlosperez@unal.edu.co;cali;1;0;;;;;;;;
1134709025;ana;martinez;43;anamartinez@unal.edu.co;popayan;1;0;;;;;;;;
1134709026;sebastian;garcia;22;sebastiangarcia@unal.edu.co;bogota;1;0;;;;;;;;
1134709027;sebastian;vargas;42;sebastianvargas@unal.edu.co;cali;1;0;;;;;;;;
1134709028;alejandro;perez;33;alejandroperez@unal.edu.co;bogota;1;0;;;;;;;;
1134709029;daniela;sanchez;17;danielasanchez@unal.edu.co;barranquilla;1;0;;;;;;;;
1134709030;ana;gutierrez;29;anagutierrez@unal.edu.co;villavicencio;1;0;;;;;;;;
1134709031;susana;gutierrez;28;susanagutierrez@unal.edu.co;tunja;1;0;;;;;;;;
1134709032;maria;moreno;23;mariamoreno@unal.edu.co;popayan;1;0;;;;;;;;
1134709033;susana;hernandez;17;susanahernandez@unal.edu.co;cali;1;0;;;;;;;;
1134709034;sebastian;gomez;25;sebastiangomez@unal.edu.co;barranquilla;1;0;;;;;;;;
1134709035;jose;torres;35;josetorres@unal.edu.co;villavicencio;1;0;;;;;;;;
1134709036;luz;ramirez;31;luzramirez@unal.edu.co;villavicencio;1;0;;;;;;;;
1134709037;alejandro;torres;40;alejandrotorres@unal.edu.co;cali;1;0;;;;;;;;
1134709038;juan;moreno;42;juanmoreno@unal.edu.co;medellin;1;0;;;;;;;;
1134709039;pedro;rodriguez;31;pedrorodriguez@unal.edu.co;medellin;1;0;;;;;;;;
1134709040;jose;ramirez;35;joseramirez@unal.edu.co;manizales;1;0;;;;;;;;
1134709041;luis;garcia;22;luisgarcia@unal.edu.co;bucaramanga;1;0;;;;;;;;
1134709042;ana;gomez;37;anagomez@unal.edu.co;bogota;1;0;;;;;;;;
1134709043;luis;rodriguez;24;luisrodriguez@unal.edu.co;bucaramanga;1;0;;;;;;;;
1134709044;marina;castro;21;marinacastro@unal.edu.co;bogota;1;0;;;;;;;;
1134709045;pedro;gutierrez;24;pedrogutierrez@unal.edu.co;cartagena;1;0;;;;;;;;
1134709046;samuel;torres;21;samueltorres@unal.edu.co;cali;1;0;;;;;;;;
1134709047;pedro;jimenez;37;pedrojimenez@unal.edu.co;bucaramanga;1;0;;;;;;;;
1134709048;pedro;rodriguez;30;pedrorodriguez@unal.edu.co;cali;1;0;;;;;;;;
1134709049;luz;rodriguez;41;luzrodriguez@unal.edu.co;tunja;1;0;;;;;;;;
1134709050;luz;sanchez;39;luzsanchez@unal.edu.co;medellin;1;0;;;;;;;;
1134709051;maria;diaz;27;mariadiaz@unal.edu.co;manizales;1;0;;;;;;;;
1134709052;milena;sanchez;23;milenasanchez@unal.edu.co;popayan;1;0;;;;;;;;
1134709053;liliana;vargas;16;lilianavargas@unal.edu.co;cartagena;1;0;;;;;;;;
1134709054;pedro;ruiz;26;pedroruiz@unal.edu.co;tunja;1;0;;;;;;;;
1134709055;santiago;castro;38;santiagocastro@unal.edu.co;tunja;1;0;;;;;;;;
1134709056;sandra;sanchez;28;sandrasanchez@unal.edu.co;tunja;1;0;;;;;;;;
1134709057;susana;sanchez;26;susanasanchez@unal.edu.co;barranquilla;1;0;;;;;;;;
1134709058;liliana;martinez;35;lilianamartinez@unal.edu.co;bucaramanga;1;0;;;;;;;;
1134709059;ana;torres;37;anatorres@unal.edu.co;manizales;1;0;;;;;;;;
1134709060;milena;rodriguez;26;milenarodriguez@unal.edu.co;medellin;1;0;;;;;;;;
1134709061;alejandro;gomez;21;alejandrogomez@unal.edu.co;manizales;1;0;;;;;;;;
1134709062;pedro;gonzalez;18;pedrogonzalez@unal.edu.co;tunja;1;0;;;;;;;;
1134709063;sebastian;sanchez;23;sebastiansanchez@unal.edu.co;popayan;1;0;;;;;;;;
1134709064;milena;vargas;44;milenavargas@unal.edu.co;manizales;1;0;;;;;;;;
1134709065;marina;diaz;25;marinadiaz@unal.edu.co;bucaramanga;1;0;;;;;;;;
1134709066;samuel;torres;38;samueltorres@unal.edu.co;bogota;1;0;;;;;;;;
1134709067;luisa;ortiz;36;luisaortiz@unal.edu.co;tunja;1;0;;;;;;;;
1134709068;pedro;garcia;42;pedrogarcia@unal.edu.co;popayan;1;0;;;;;;;;
1134709069;luis;castro;32;luiscastro@unal.edu.co;medellin;1;0;;;;;;;;
1134709070;nicolas;sanchez;35;nicolassanchez@unal.edu.co;cartagena;1;0;;;;;;;;
1134709071;jose;hernandez;19;josehernandez@unal.edu.co;barranquilla;1;0;;;;;;;;
1134709072;milena;sanchez;32;milenasanchez@unal.edu.co;manizales;1;0;;;;;;;;
1134709073;jose;garcia;35;josegarcia@unal.edu.co;villavicencio;1;0;;;;;;;;
1134709074;maria;vargas;44;mariavargas@unal.edu.co;cartagena;1;0;;;;;;;;
1134709075;ana;perez;16;anaperez@unal.edu.co;villavicencio;1;0;;;;;;;;
1134709076;liliana;lopez;40;lilianalopez@unal.edu.co;bogota;1;0;;;;;;;;
1134709077;pedro;ruiz;20;pedroruiz@unal.edu.co;villavicencio;1;0;;;;;;;;
1134709078;santiago;sanchez;42;santiagosanchez@unal.edu.co;cartagena;1;0;;;;;;;;
1134709079;samuel;ramirez;16;samuelramirez@unal.edu.co;villavicencio;1;0;;;;;;;;
1134709080;jose;sanchez;16;josesanchez@unal.edu.co;medellin;1;0;;;;;;;;
1134709081;samuel;moreno;33;samuelmoreno@unal.edu.co;medellin;1;0;;;;;;;;
1134709082;maria;gomez;43;mariagomez@unal.edu.co;bogota;1;0;;;;;;;;
1134709083;juan;diaz;38;juandiaz@unal.edu.co;tunja;1;0;;;;;;;;
1134709084;pedro;torres;36;pedrotorres@unal.edu.co;bucaramanga;1;0;;;;;;;;
1134709085;susana;rodriguez;29;susanarodriguez@unal.edu.co;cartagena;1;0;;;;;;;;
1134709086;nicolas;martinez;19;nicolasmartinez@unal.edu.co;medellin;1;0;;;;;;;;
1134709087;sandra;rojas;20;sandrarojas@unal.edu.co;villavicencio;1;0;;;;;;;;
1134709088;marina;moreno;27;marinamoreno@unal.edu.co;popayan;1;0;;;;;;;;
1134709089;liliana;moreno;40;lilianamoreno@unal.edu.co;tunja;1;0;;;;;;;;
1134709090;liliana;moreno;32;lilianamoreno@unal.edu.co;popayan;1;0;;;;;;;;
1134709091;samuel;moreno;36;samuelmoreno@unal.edu.co;medellin;1;0;;;;;;;;
1134709092;santiago;castro;45;santiagocastro@unal.edu.co;bogota;1;0;;;;;;;;
1134709093;marina;gonzalez;22;marinagonzalez@unal.edu.co;cartagena;1;0;;;;;;;;
1134709094;luz;lopez;18;luzlopez@unal.edu.co;tunja;1;0;;;;;;;;
1134709095;sandra;sanchez;35;sandrasanchez@unal.edu.co;bogota;1;0;;;;;;;;
1134709096;daniela;vargas;19;danielavargas@unal.edu.co;bogota;1;0;;;;;;;;
1134709097;nicolas;torres;45;nicolastorres@unal.edu.co;bogota;1;0;;;;;;;;
1134709098;daniela;sanchez;31;danielasanchez@unal.edu.co;medellin;1;1;;;;;;;;
1134709099;carlos;vargas;33;carlosvargas@unal.edu.co;medellin;1;1;;;;;;;;
1134709100;milena;garcia;18;milenagarcia@unal.edu.co;popayan;1;1;;;;;;;;
1134709101;sandra;hernandez;25;sandrahernandez@unal.edu.co;tunja;1;1;;;;;;;;
1134709102;alejandro;torres;20;alejandrotorres@unal.edu.co;cali;1;1;;;;;;;;
1134709103;jose;castro;39;josecastro@unal.edu.co;popayan;1;1;;;;;;;;
1134709104;alejandro;rodriguez;31;alejandrorodriguez@unal.edu.co;cartagena;1;1;;;;;;;;
1134709105;luisa;lopez;21;luisalopez@unal.edu.co;barranquilla;1;1;;;;;;;;
1134709106;ana;castro;17;anacastro@unal.edu.co;bogota;1;1;;;;;;;;
1134709107;pedro;castro;44;pedrocastro@unal.edu.co;tunja;1;1;;;;;;;;
1134709108;luis;martinez;35;luismartinez@unal.edu.co;manizales;1;1;;;;;;;;
1134709109;daniela;hernandez;37;danielahernandez@unal.edu.co;bogota;1;1;;;;;;;;
1134709110;liliana;diaz;29;lilianadiaz@unal.edu.co;cartagena;1;1;;;;;;;;
1134709111;ana;lopez;42;analopez@unal.edu.co;bogota;1;1;;;;;;;;
1134709112;alejandro;perez;33;alejandroperez@unal.edu.co;cartagena;1;1;;;;;;;;
1134709113;pedro;moreno;32;pedromoreno@unal.edu.co;villavicencio;1;1;;;;;;;;
1134709114;maria;ortiz;40;mariaortiz@unal.edu.co;villavicencio;1;1;;;;;;;;
1134709115;carlos;garcia;43;carlosgarcia@unal.edu.co;barranquilla;1;1;;;;;;;;
1134709116;sandra;gutierrez;17;sandragutierrez@unal.edu.co;popayan;1;1;;;;;;;;
1134709117;susana;jimenez;37;susanajimenez@unal.edu.co;tunja;1;1;;;;;;;;
1134709118;carlos;gomez;22;carlosgomez@unal.edu.co;bucaramanga;1;1;;;;;;;;
1134709119;luis;rodriguez;20;luisrodriguez@unal.edu.co;tunja;1;1;;;;;;;;
1134709120;maria;martinez;27;mariamartinez@unal.edu.co;bucaramanga;1;1;;;;;;;;
1134709121;jose;gonzalez;41;josegonzalez@unal.edu.co;popayan;1;1;;;;;;;;
1134709122;milena;gutierrez;39;milenagutierrez@unal.edu.co;cali;1;1;;;;;;;;
1134709123;alejandro;gutierrez;32;alejandrogutierrez@unal.edu.co;bogota;1;1;;;;;;;;
1134709124;carlos;martinez;27;carlosmartinez@unal.edu.co;barranquilla;1;1;;;;;;;;
1134709125;luz;vargas;32;luzvargas@unal.edu.co;bucaramanga;1;1;;;;;;;;
1134709126;daniela;moreno;19;danielamoreno@unal.edu.co;cali;1;1;;;;;;;;
1134709127;nicolas;rodriguez;17;nicolasrodriguez@unal.edu.co;medellin;1;1;;;;;;;;
1134709128;liliana;gomez;24;lilianagomez@unal.edu.co;bucaramanga;1;1;;;;;;;;
1134709129;santiago;ortiz;31;santiagoortiz@unal.edu.co;bucaramanga;1;1;;;;;;;;
1134709130;sandra;diaz;21;sandradiaz@unal.edu.co;tunja;1;1;;;;;;;;
1134709131;pedro;lopez;42;pedrolopez@unal.edu.co;cali;1;1;;;;;;;;
1134709132;pedro;vargas;18;pedrovargas@unal.edu.co;tunja;1;1;;;;;;;;
1134709133;santiago;moreno;33;santiagomoreno@unal.edu.co;barranquilla;1;1;;;;;;;;
1134709134;alejandro;ramirez;26;alejandroramirez@unal.edu.co;villavicencio;1;1;;;;;;;;
1134709135;luz;lopez;21;luzlopez@unal.edu.co;medellin;1;1;;;;;;;;
1134709136;juan;hernandez;33;juanhernandez@unal.edu.co;barranquilla;1;1;;;;;;;;
1134709137;luisa;ruiz;40;luisaruiz@unal.edu.co;cali;1;1;;;;;;;;
1134709138;luisa;gonzalez;35;luisagonzalez@unal.edu.co;bogota;1;1;;;;;;;;
1134709139;luisa;perez;16;luisaperez@unal.edu.co;medellin;1;1;;;;;;;;
1134709140;maria;jimenez;43;mariajimenez@unal.edu.co;cartagena;1;1;;;;;;;;
1134709141;susana;vargas;44;susanavargas@unal.edu.co;cartagena;1;1;;;;;;;;
1134709142;carlos;perez;33;carlosperez@unal.edu.co;cali;1;1;;;;;;;;
1134709143;milena;diaz;20;milenadiaz@unal.edu.co;popayan;1;1;;;;;;;;
1134709144;maria;torres;29;mariatorres@unal.edu.co;manizales;1;1;;;;;;;;
1134709145;marina;gutierrez;31;marinagutierrez@unal.edu.co;barranquilla;1;1;;;;;;;;
1134709146;carlos;martinez;35;carlosmartinez@unal.edu.co;villavicencio;1;1;;;;;;;;
1134709147;nicolas;lopez;22;nicolaslopez@unal.edu.co;villavicencio;1;1;;;;;;;;
1134709148;ana;rodriguez;19;anarodriguez@unal.edu.co;manizales;1;1;;;;;;;;
1134709149;samuel;ramirez;36;samuelramirez@unal.edu.co;bogota;1;1;;;;;;;;
1134709150;maria;vargas;25;mariavargas@unal.edu.co;medellin;1;1;;;;;;;;
1134709151;luis;martinez;45;luismartinez@unal.edu.co;medellin;1;1;;;;;;;;
1134709152;maria;diaz;30;mariadiaz@unal.edu.co;cali;1;1;;;;;;;;
1134709153;marina;sanchez;20;marinasanchez@unal.edu.co;cartagena;1;1;;;;;;;;
1134709154;pedro;ortiz;31;pedroortiz@unal.edu.co;cali;1;1;;;;;;;;
1134709155;maria;torres;17;mariatorres@unal.edu.co;bucaramanga;1;1;;;;;;;;
1134709156;ana;martinez;38;anamartinez@unal.edu.co;tunja;1;1;;;;;;;;
1134709157;carlos;gutierrez;32;carlosgutierrez@unal.edu.co;tunja;1;1;;;;;;;;
1134709158;milena;perez;18;milenaperez@unal.edu.co;medellin;1;1;;;;;;;;
1134709159;pedro;ramirez;32;pedroramirez@unal.edu.co;cartagena;1;1;;;;;;;;
1134709160;maria;hernandez;33;mariahernandez@unal.edu.co;tunja;1;1;;;;;;;;
1134709161;marina;ramirez;37;marinaramirez@unal.edu.co;villavicencio;1;1;;;;;;;;
1134709162;luz;rojas;38;luzrojas@unal.edu.co;cali;1;1;;;;;;;;
1134709163;marina;ortiz;34;marinaortiz@unal.edu.co;cali;1;1;;;;;;;;
1134709164;carlos;gutierrez;36;carlosgutierrez@unal.edu.co;popayan;1;1;;;;;;;;
1134709165;marina;ramirez;26;marinaramirez@unal.edu.co;tunja;1;1;;;;;;;;
1134709166;sebastian;garcia;32;sebastiangarcia@unal.edu.co;barranquilla;1;1;;;;;;;;
1134709167;luz;castro;18;luzcastro@unal.edu.co;bucaramanga;1;1;;;;;;;;
1134709168;sebastian;gomez;33;sebastiangomez@unal.edu.co;cali;1;1;;;;;;;;
1134709169;luz;ramirez;35;luzramirez@unal.edu.co;barranquilla;1;1;;;;;;;;
1134709170;sandra;torres;45;sandratorres@unal.edu.co;popayan;1;1;;;;;;;;
1134709171;santiago;lopez;27;santiagolopez@unal.edu.co;manizales;1;1;;;;;;;;
1134709172;milena;garcia;30;milenagarcia@unal.edu.co;bogota;1;1;;;;;;;;
1134709173;juan;martinez;21;juanmartinez@unal.edu.co;villavicencio;1;1;;;;;;;;
1134709174;luisa;torres;18;luisatorres@unal.edu.co;villavicencio;1;1;;;;;;;;
1134709175;jose;sanchez;44;josesanchez@unal.edu.co;bogota;1;1;;;;;;;;
1134709176;ana;ruiz;44;anaruiz@unal.edu.co;barranquilla;1;1;;;;;;;;
1134709177;liliana;ramirez;37;lilianaramirez@unal.edu.co;cartagena;1;1;;;;;;;;
1134709178;maria;ramirez;16;mariaramirez@unal.edu.co;manizales;1;1;;;;;;;;
1134709179;samuel;rodriguez;38;samuelrodriguez@unal.edu.co;bogota;1;1;;;;;;;;
1134709180;nicolas;ruiz;42;nicolasruiz@unal.edu.co;medellin;1;1;;;;;;;;
1134709181;milena;ortiz;16;milenaortiz@unal.edu.co;tunja;1;1;;;;;;;;
1134709182;luisa;jimenez;19;luisajimenez@unal.edu.co;villavicencio;1;1;;;;;;;;
1134709183;sebastian;garcia;24;sebastiangarcia@unal.edu.co;medellin;1;1;;;;;;;;
1134709184;sebastian;martinez;40;sebastianmartinez@unal.edu.co;cartagena;1;1;;;;;;;;
1134709185;luis;garcia;28;luisgarcia@unal.edu.co;medellin;1;1;;;;;;;;
1134709186;nicolas;lopez;17;nicolaslopez@unal.edu.co;cartagena;1;1;;;;;;;;
1134709187;luisa;martinez;19;luisamartinez@unal.edu.co;tunja;1;1;;;;;;;;
1134709188;jose;torres;38;josetorres@unal.edu.co;bucaramanga;1;1;;;;;;;;
1134709189;samuel;castro;24;samuelcastro@unal.edu.co;villavicencio;1;1;;;;;;;;
1134709190;milena;diaz;18;milenadiaz@unal.edu.co;cali;1;1;;;;;;;;
1134709191;pedro;lopez;35;pedrolopez@unal.edu.co;tunja;1;1;;;;;;;;
1134709192;daniela;martinez;39;danielamartinez@unal.edu.co;manizales;1;1;;;;;;;;
1134709193;jose;ruiz;21;joseruiz@unal.edu.co;barranquilla;1;1;;;;;;;;
1134709194;liliana;garcia;35;lilianagarcia@unal.edu.co;cali;1;1;;;;;;;;
1134709195;ana;hernandez;40;anahernandez@unal.edu.co;cali;1;1;;;;;;;;
1134709196;luz;garcia;43;luzgarcia@unal.edu.co;tunja;1;1;;;;;;;;
1134709197;daniela;martinez;27;danielamartinez@unal.edu.co;tunja;1;1;;;;;;;;
1134709198;maria;garcia;32;mariagarcia@unal.edu.co;cali;1;1;;;;;;;;
1134709199;liliana;rojas;34;lilianarojas@unal.edu.co;villavicencio;1;1;;;;;;;;
1134709200;luis;sanchez;43;luissanchez@unal.edu.co;villavicencio;1;1;;;;;;;;
1134709201;liliana;torres;37;lilianatorres@unal.edu.co;villavicencio;1;1;;;;;;;;
1134709202;susana;sanchez;25;susanasanchez@unal.edu.co;cali;1;1;;;;;;;;
1134709203;santiago;perez;41;santiagoperez@unal.edu.co;manizales;1;1;;;;;;;;
1134709204;nicolas;torres;43;nicolastorres@unal.edu.co;bucaramanga;1;1;;;;;;;;
1134709205;ana;martinez;27;anamartinez@unal.edu.co;tunja;1;1;;;;;;;;
1134709206;alejandro;diaz;20;alejandrodiaz@unal.edu.co;villavicencio;1;1;;;;;;;;
1134709207;pedro;gutierrez;20;pedrogutierrez@unal.edu.co;cali;1;1;;;;;;;;
1134709208;jose;perez;31;joseperez@unal.edu.co;barranquilla;1;1;;;;;;;;
1134709209;luisa;sanchez;22;luisasanchez@unal.edu.co;medellin;1;1;;;;;;;;
1134709210;sebastian;lopez;21;sebastianlopez@unal.edu.co;medellin;1;1;;;;;;;;
1134709211;sebastian;gutierrez;45;sebastiangutierrez@unal.edu.co;barranquilla;1;1;;;;;;;;
1134709212;pedro;gonzalez;40;pedrogonzalez@unal.edu.co;tunja;1;1;;;;;;;;
1134709213;liliana;ruiz;24;lilianaruiz@unal.edu.co;popayan;1;1;;;;;;;;
1134709214;maria;jimenez;31;mariajimenez@unal.edu.co;cali;1;1;;;;;;;;
1134709215;nicolas;diaz;17;nicolasdiaz@unal.edu.co;cali;1;1;;;;;;;;
1134709216;juan;rodriguez;43;juanrodriguez@unal.edu.co;tunja;1;1;;;;;;;;
1134709217;marina;ortiz;38;marinaortiz@unal.edu.co;manizales;1;1;;;;;;;;
1134709218;susana;gomez;26;susanagomez@unal.edu.co;cali;1;1;;;;;;;;
1134709219;luisa;gutierrez;21;luisagutierrez@unal.edu.co;bogota;1;1;;;;;;;;
1134709220;juan;castro;25;juancastro@unal.edu.co;manizales;1;1;;;;;;;;
1134709221;liliana;gonzalez;18;lilianagonzalez@unal.edu.co;bucaramanga;1;1;;;;;;;;
1134709222;marina;ortiz;36;marinaortiz@unal.edu.co;tunja;1;1;;;;;;;;
1134709223;luis;ruiz;35;luisruiz@unal.edu.co;tunja;1;1;;;;;;;;
1134709224;carlos;gutierrez;24;carlosgutierrez@unal.edu.co;villavicencio;1;1;;;;;;;;
1134709225;sandra;gonzalez;36;sandragonzalez@unal.edu.co;cali;1;1;;;;;;;;
1134709226;samuel;ruiz;23;samuelruiz@unal.edu.co;cartagena;1;1;;;;;;;;
1134709227;luis;ortiz;38;luisortiz@unal.edu.co;popayan;1;1;;;;;;;;
1134709228;marina;gutierrez;37;marinagutierrez@unal.edu.co;bucaramanga;1;1;;;;;;;;
1134709229;sandra;diaz;34;sandradiaz@unal.edu.co;popayan;1;1;;;;;;;;
1134709230;daniela;rojas;39;danielarojas@unal.edu.co;cartagena;1;1;;;;;;;;
1134709231;daniela;vargas;21;danielavargas@unal.edu.co;bogota;1;1;;;;;;;;
1134709232;santiago;moreno;43;santiagomoreno@unal.edu.co;bogota;1;1;;;;;;;;
1134709233;maria;gonzalez;29;mariagonzalez@unal.edu.co;cali;1;1;;;;;;;;
1134709234;sandra;sanchez;30;sandrasanchez@unal.edu.co;cali;1;1;;;;;;;;
1134709235;maria;lopez;44;marialopez@unal.edu.co;popayan;1;1;;;;;;;;
1134709236;marina;rojas;20;marinarojas@unal.edu.co;medellin;1;1;;;;;;;;
1134709237;carlos;sanchez;32;carlossanchez@unal.edu.co;barranquilla;1;1;;;;;;;;
1134709238;pedro;gonzalez;44;pedrogonzalez@unal.edu.co;villavicencio;1;1;;;;;;;;
1134709239;ana;moreno;33;anamoreno@unal.edu.co;popayan;1;1;;;;;;;;
1134709240;sebastian;vargas;24;sebastianvargas@unal.edu.co;cali;1;1;;;;;;;;
1134709241;milena;moreno;27;milenamoreno@unal.edu.co;manizales;1;1;;;;;;;;
1134709242;juan;gonzalez;25;juangonzalez@unal.edu.co;bucaramanga;1;1;;;;;;;;
1134709243;luis;vargas;39;luisvargas@unal.edu.co;cartagena;1;1;;;;;;;;
1134709244;santiago;sanchez;42;santiagosanchez@unal.edu.co;popayan;1;1;;;;;;;;
1134709245;sebastian;ruiz;36;sebastianruiz@unal.edu.co;barranquilla;1;1;;;;;;;;
1134709246;liliana;gomez;39;lilianagomez@unal.edu.co;barranquilla;1;1;;;;;;;;
1134709247;milena;vargas;23;milenavargas@unal.edu.co;barranquilla;1;1;;;;;;;;
1134709248;liliana;ramirez;29;lilianaramirez@unal.edu.co;manizales;1;1;;;;;;;;
1134709249;luisa;gomez;19;luisagomez@unal.edu.co;medellin;1;1;;;;;;;;
1134709250;liliana;rojas;33;lilianarojas@unal.edu.co;bucaramanga;1;1;;;;;;;;
1134709251;carlos;gonzalez;20;carlosgonzalez@unal.edu.co;bogota;1;1;;;;;;;;
1134709252;luz;rodriguez;41;luzrodriguez@unal.edu.co;bucaramanga;1;1;;;;;;;;
1134709253;liliana;garcia;40;lilianagarcia@unal.edu.co;bogota;1;1;;;;;;;;
1134709254;nicolas;sanchez;30;nicolassanchez@unal.edu.co;manizales;1;1;;;;;;;;
1134709255;pedro;lopez;33;pedrolopez@unal.edu.co;villavicencio;1;1;;;;;;;;
1134709256;santiago;gutierrez;40;santiagogutierrez@unal.edu.co;tunja;1;1;;;;;;;;
1134709257;marina;vargas;44;marinavargas@unal.edu.co;bucaramanga;1;1;;;;;;;;
1134709258;liliana;ruiz;36;lilianaruiz@unal.edu.co;bogota;1;1;;;;;;;;
1134709259;sebastian;lopez;33;sebastianlopez@unal.edu.co;tunja;1;1;;;;;;;;
1134709260;juan;gomez;25;juangomez@unal.edu.co;cali;1;1;;;;;;;;
1134709261;sandra;diaz;33;sandradiaz@unal.edu.co;barranquilla;1;1;;;;;;;;
1134709262;daniela;sanchez;42;danielasanchez@unal.edu.co;cali;1;1;;;;;;;;
1134709263;nicolas;garcia;26;nicolasgarcia@unal.edu.co;manizales;1;1;;;;;;;;
1134709264;susana;diaz;16;susanadiaz@unal.edu.co;cartagena;1;1;;;;;;;;
1134709265;luisa;garcia;21;luisagarcia@unal.edu.co;cali;1;1;;;;;;;;
1134709266;pedro;perez;21;pedroperez@unal.edu.co;cartagena;1;1;;;;;;;;
1134709267;susana;perez;30;susanaperez@unal.edu.co;cali;1;1;;;;;;;;
1134709268;luz;torres;23;luztorres@unal.edu.co;barranquilla;1;1;;;;;;;;
1134709269;milena;moreno;31;milenamoreno@unal.edu.co;cartagena;1;1;;;;;;;;
1134709270;susana;gonzalez;42;susanagonzalez@unal.edu.co;manizales;1;1;;;;;;;;
1134709271;luisa;ortiz;34;luisaortiz@unal.edu.co;tunja;1;1;;;;;;;;
1134709272;susana;gonzalez;34;susanagonzalez@unal.edu.co;manizales;1;1;;;;;;;;
1134709273;nicolas;ramirez;17;nicolasramirez@unal.edu.co;medellin;1;1;;;;;;;;
1134709274;sebastian;vargas;27;sebastianvargas@unal.edu.co;villavicencio;1;1;;;;;;;;
1134709275;susana;garcia;44;susanagarcia@unal.edu.co;tunja;1;1;;;;;;;;
1134709276;alejandro;martinez;32;alejandromartinez@unal.edu.co;medellin;1;1;;;;;;;;
1134709277;ana;ortiz;27;anaortiz@unal.edu.co;cartagena;1;1;;;;;;;;
1134709278;sebastian;garcia;16;sebastiangarcia@unal.edu.co;cali;1;1;;;;;;;;
1134709279;carlos;sanchez;40;carlossanchez@unal.edu.co;bogota;1;1;;;;;;;;
1134709280;susana;castro;24;susanacastro@unal.edu.co;tunja;1;1;;;;;;;;
1134709281;santiago;diaz;44;santiagodiaz@unal.edu.co;manizales;1;1;;;;;;;;
1134709282;alejandro;rojas;21;alejandrorojas@unal.edu.co;cali;1;1;;;;;;;;
1134709283;juan;castro;27;juancastro@unal.edu.co;cartagena;1;1;;;;;;;;
1134709284;luisa;castro;35;luisacastro@unal.edu.co;popayan;1;1;;;;;;;;
1134709285;alejandro;castro;36;alejandrocastro@unal.edu.co;cartagena;1;1;;;;;;;;
1134709286;maria;martinez;28;mariamartinez@unal.edu.co;manizales;1;1;;;;;;;;
1134709287;nicolas;castro;39;nicolascastro@unal.edu.co;medellin;1;1;;;;;;;;
1134709288;milena;gonzalez;37;milenagonzalez@unal.edu.co;medellin;1;1;;;;;;;;
1134709289;milena;sanchez;23;milenasanchez@unal.edu.co;cali;1;1;;;;;;;;
1134709290;ana;perez;24;anaperez@unal.edu.co;tunja;1;1;;;;;;;;
1134709291;alejandro;gonzalez;20;alejandrogonzalez@unal.edu.co;bucaramanga;1;1;;;;;;;;
1134709292;luisa;martinez;24;luisamartinez@unal.edu.co;tunja;1;1;;;;;;;;
1134709293;nicolas;jimenez;37;nicolasjimenez@unal.edu.co;cartagena;1;1;;;;;;;;
1134709294;samuel;martinez;36;samuelmartinez@unal.edu.co;medellin;1;1;;;;;;;;
1134709295;jose;ramirez;41;joseramirez@unal.edu.co;cali;1;1;;;;;;;;
1134709296;liliana;moreno;27;lilianamoreno@unal.edu.co;bogota;1;1;;;;;;;;
1134709297;carlos;torres;34;carlostorres@unal.edu.co;villavicencio;1;1;;;;;;;;
1134709298;ana;gonzalez;44;anagonzalez@unal.edu.co;popayan;1;1;;;;;;;;
1134709299;marina;vargas;16;marinavargas@unal.edu.co;villavicencio;1;1;;;;;;;;
1134709300;sebastian;gutierrez;34;sebastiangutierrez@unal.edu.co;barranquilla;1;1;;;;;;;;
1134709301;susana;jimenez;41;susanajimenez@unal.edu.co;medellin;1;1;;;;;;;;
1134709302;carlos;jimenez;37;carlosjimenez@unal.edu.co;barranquilla;1;1;;;;;;;;
1134709303;alejandro;rojas;35;alejandrorojas@unal.edu.co;manizales;1;1;;;;;;;;
1134709304;daniela;moreno;39;danielamoreno@unal.edu.co;bogota;1;1;;;;;;;;
1134709305;luis;ramirez;30;luisramirez@unal.edu.co;medellin;1;1;;;;;;;;
1134709306;maria;jimenez;21;mariajimenez@unal.edu.co;barranquilla;1;1;;;;;;;;
1134709307;samuel;hernandez;26;samuelhernandez@unal.edu.co;bogota;1;1;;;;;;;;
1134709308;luz;gomez;32;luzgomez@unal.edu.co;medellin;1;1;;;;;;;;
1134709309;ana;martinez;33;anamartinez@unal.edu.co;cartagena;1;1;;;;;;;;
1134709310;luz;vargas;36;luzvargas@unal.edu.co;popayan;1;1;;;;;;;;
1134709311;maria;lopez;38;marialopez@unal.edu.co;barranquilla;1;1;;;;;;;;
1134709312;carlos;hernandez;33;carloshernandez@unal.edu.co;bogota;1;1;;;;;;;;
1134709313;santiago;jimenez;19;santiagojimenez@unal.edu.co;cali;1;1;;;;;;;;
1134709314;juan;gomez;34;juangomez@unal.edu.co;popayan;1;1;;;;;;;;
1134709315;nicolas;ramirez;17;nicolasramirez@unal.edu.co;popayan;1;1;;;;;;;;
1134709316;luis;ruiz;29;luisruiz@unal.edu.co;cali;1;1;;;;;;;;
1134709317;santiago;lopez;41;santiagolopez@unal.edu.co;barranquilla;1;1;;;;;;;;
1134709318;alejandro;sanchez;37;alejandrosanchez@unal.edu.co;tunja;1;1;;;;;;;;
1134709319;sebastian;lopez;34;sebastianlopez@unal.edu.co;bogota;1;1;;;;;;;;
1134709320;daniela;rodriguez;43;danielarodriguez@unal.edu.co;barranquilla;1;1;;;;;;;;
1134709321;daniela;lopez;43;danielalopez@unal.edu.co;villavicencio;1;1;;;;;;;;
1134709322;luz;gomez;33;luzgomez@unal.edu.co;bogota;1;1;;;;;;;;
1134709323;samuel;vargas;22;samuelvargas@unal.edu.co;villavicencio;1;1;;;;;;;;
1134709324;jose;castro;22;josecastro@unal.edu.co;barranquilla;1;1;;;;;;;;
1134709325;ana;ruiz;41;anaruiz@unal.edu.co;villavicencio;1;1;;;;;;;;
1134709326;nicolas;martinez;28;nicolasmartinez@unal.edu.co;cartagena;1;1;;;;;;;;
1134709327;sandra;ruiz;31;sandraruiz@unal.edu.co;medellin;1;1;;;;;;;;
1134709328;maria;hernandez;39;mariahernandez@unal.edu.co;barranquilla;1;1;;;;;;;;
1134709329;nicolas;gutierrez;40;nicolasgutierrez@unal.edu.co;villavicencio;1;1;;;;;;;;
1134709330;carlos;gomez;26;carlosgomez@unal.edu.co;medellin;1;1;;;;;;;;
1134709331;carlos;torres;34;carlostorres@unal.edu.co;popayan;1;1;;;;;;;;
1134709332;susana;gutierrez;27;susanagutierrez@unal.edu.co;manizales;1;1;;;;;;;;
1134709333;liliana;ramirez;17;lilianaramirez@unal.edu.co;manizales;1;1;;;;;;;;
1134709334;carlos;gutierrez;41;carlosgutierrez@unal.edu.co;popayan;1;1;;;;;;;;
1134709335;luis;hernandez;36;luishernandez@unal.edu.co;bogota;1;1;;;;;;;;
1134709336;juan;diaz;43;juandiaz@unal.edu.co;medellin;1;1;;;;;;;;
1134709337;sandra;vargas;43;sandravargas@unal.edu.co;medellin;1;1;;;;;;;;
1134709338;luisa;ramirez;32;luisaramirez@unal.edu.co;bogota;1;1;;;;;;;;
1134709339;marina;rojas;36;marinarojas@unal.edu.co;cartagena;1;1;;;;;;;;
1134709340;nicolas;castro;45;nicolascastro@unal.edu.co;popayan;1;1;;;;;;;;
1134709341;marina;martinez;45;marinamartinez@unal.edu.co;bucaramanga;1;1;;;;;;;;
1134709342;sebastian;garcia;42;sebastiangarcia@unal.edu.co;tunja;1;1;;;;;;;;
1134709343;carlos;gutierrez;38;carlosgutierrez@unal.edu.co;tunja;1;1;;;;;;;;
1134709344;maria;jimenez;31;mariajimenez@unal.edu.co;manizales;1;1;;;;;;;;
1134709345;nicolas;diaz;41;nicolasdiaz@unal.edu.co;barranquilla;1;1;;;;;;;;
1134709346;maria;gutierrez;45;mariagutierrez@unal.edu.co;bucaramanga;1;1;;;;;;;;
1134709347;daniela;ramirez;22;danielaramirez@unal.edu.co;villavicencio;1;1;;;;;;;;
1134709348;marina;ruiz;19;marinaruiz@unal.edu.co;cali;1;1;;;;;;;;
1134709349;carlos;castro;36;carloscastro@unal.edu.co;barranquilla;1;1;;;;;;;;
1134709350;alejandro;rodriguez;29;alejandrorodriguez@unal.edu.co;popayan;1;1;;;;;;;;
1134709351;samuel;gutierrez;37;samuelgutierrez@unal.edu.co;bucaramanga;1;1;;;;;;;;
1134709352;liliana;gonzalez;43;lilianagonzalez@unal.edu.co;manizales;1;1;;;;;;;;
1134709353;sebastian;moreno;40;sebastianmoreno@unal.edu.co;manizales;1;1;;;;;;;;
1134709354;luz;gutierrez;29;luzgutierrez@unal.edu.co;tunja;1;1;;;;;;;;
1134709355;luisa;ortiz;33;luisaortiz@unal.edu.co;medellin;1;1;;;;;;;;
1134709356;luisa;martinez;43;luisamartinez@unal.edu.co;medellin;1;1;;;;;;;;
1134709357;luz;rodriguez;29;luzrodriguez@unal.edu.co;bucaramanga;1;1;;;;;;;;
1134709358;juan;diaz;44;juandiaz@unal.edu.co;barranquilla;1;1;;;;;;;;
1134709359;marina;rodriguez;39;marinarodriguez@unal.edu.co;cartagena;1;1;;;;;;;;
1134709360;juan;sanchez;23;juansanchez@unal.edu.co;popayan;1;1;;;;;;;;
1134709361;juan;lopez;42;juanlopez@unal.edu.co;bogota;1;1;;;;;;;;
1134709362;luis;sanchez;44;luissanchez@unal.edu.co;bucaramanga;1;1;;;;;;;;
1134709363;milena;moreno;43;milenamoreno@unal.edu.co;cali;1;1;;;;;;;;
1134709364;sebastian;vargas;45;sebastianvargas@unal.edu.co;tunja;1;1;;;;;;;;
1134709365;luisa;perez;16;luisaperez@unal.edu.co;villavicencio;1;1;;;;;;;;
1134709366;milena;ramirez;22;milenaramirez@unal.edu.co;bucaramanga;1;1;;;;;;;;
1134709367;sandra;castro;41;sandracastro@unal.edu.co;tunja;1;1;;;;;;;;
1134709368;pedro;perez;26;pedroperez@unal.edu.co;manizales;1;1;;;;;;;;
1134709369;daniela;vargas;38;danielavargas@unal.edu.co;cartagena;1;1;;;;;;;;
1134709370;juan;sanchez;26;juansanchez@unal.edu.co;bucaramanga;1;1;;;;;;;;
1134709371;marina;garcia;17;marinagarcia@unal.edu.co;cartagena;1;1;;;;;;;;
1134709372;santiago;gutierrez;20;santiagogutierrez@unal.edu.co;barranquilla;1;1;;;;;;;;
1134709373;liliana;garcia;29;lilianagarcia@unal.edu.co;manizales;1;1;;;;;;;;
1134709374;sandra;rojas;23;sandrarojas@unal.edu.co;barranquilla;1;1;;;;;;;;
1134709375;samuel;martinez;33;samuelmartinez@unal.edu.co;tunja;1;1;;;;;;;;
1134709376;milena;sanchez;27;milenasanchez@unal.edu.co;manizales;1;1;;;;;;;;
1134709377;luis;moreno;28;luismoreno@unal.edu.co;popayan;1;1;;;;;;;;
1134709378;alejandro;martinez;45;alejandromartinez@unal.edu.co;villavicencio;1;1;;;;;;;;
1134709379;carlos;ortiz;27;carlosortiz@unal.edu.co;cartagena;1;1;;;;;;;;
1134709380;marina;moreno;20;marinamoreno@unal.edu.co;tunja;1;1;;;;;;;;
1134709381;marina;castro;38;marinacastro@unal.edu.co;cartagena;1;1;;;;;;;;
1134709382;carlos;sanchez;22;carlossanchez@unal.edu.co;bucaramanga;1;1;;;;;;;;
1134709383;milena;martinez;29;milenamartinez@unal.edu.co;cartagena;1;1;;;;;;;;
1134709384;luz;vargas;21;luzvargas@unal.edu.co;villavicencio;1;1;;;;;;;;
1134709385;daniela;ramirez;41;danielaramirez@unal.edu.co;tunja;1;1;;;;;;;;
1134709386;carlos;ortiz;38;carlosortiz@unal.edu.co;manizales;1;1;;;;;;;;
1134709387;liliana;hernandez;45;lilianahernandez@unal.edu.co;tunja;1;1;;;;;;;;
1134709388;luis;rodriguez;34;luisrodriguez@unal.edu.co;medellin;1;1;;;;;;;;
1134709389;nicolas;castro;19;nicolascastro@unal.edu.co;bucaramanga;1;1;;;;;;;;
1134709390;pedro;ramirez;22;pedroramirez@unal.edu.co;villavicencio;1;1;;;;;;;;
1134709391;pedro;garcia;39;pedrogarcia@unal.edu.co;medellin;1;1;;;;;;;;
1134709392;santiago;diaz;26;santiagodiaz@unal.edu.co;bucaramanga;1;1;;;;;;;;
1134709393;luisa;ruiz;34;luisaruiz@unal.edu.co;barranquilla;1;1;;;;;;;;
1134709394;susana;garcia;42;susanagarcia@unal.edu.co;bucaramanga;1;1;;;;;;;;
1134709395;luz;perez;27;luzperez@unal.edu.co;villavicencio;1;1;;;;;;;;
1134709396;daniela;ortiz;39;danielaortiz@unal.edu.co;villavicencio;1;1;;;;;;;;
1134709397;juan;gutierrez;33;juangutierrez@unal.edu.co;popayan;1;1;;;;;;;;
1134709398;luz;hernandez;44;luzhernandez@unal.edu.co;bucaramanga;1;1;;;;;;;;
1134709399;carlos;lopez;16;carloslopez@unal.edu.co;medellin;1;1;;;;;;;;
1134709400;pedro;hernandez;41;pedrohernandez@unal.edu.co;medellin;1;1;;;;;;;;
1134709401;luis;lopez;22;luislopez@unal.edu.co;bucaramanga;1;1;;;;;;;;
1134709402;marina;ramirez;25;marinaramirez@unal.edu.co;cartagena;1;1;;;;;;;;
1134709403;luis;rodriguez;27;luisrodriguez@unal.edu.co;barranquilla;1;1;;;;;;;;
1134709404;milena;diaz;43;milenadiaz@unal.edu.co;villavicencio;1;1;;;;;;;;
1134709405;carlos;martinez;37;carlosmartinez@unal.edu.co;barranquilla;1;1;;;;;;;;
1134709406;liliana;martinez;44;lilianamartinez@unal.edu.co;medellin;1;1;;;;;;;;
1134709407;carlos;sanchez;32;carlossanchez@unal.edu.co;tunja;1;1;;;;;;;;
1134709408;liliana;vargas;38;lilianavargas@unal.edu.co;barranquilla;1;1;;;;;;;;
1134709409;maria;garcia;29;mariagarcia@unal.edu.co;medellin;1;1;;;;;;;;
1134709410;samuel;ortiz;22;samuelortiz@unal.edu.co;bogota;1;1;;;;;;;;
1134709411;luz;ortiz;32;luzortiz@unal.edu.co;tunja;1;1;;;;;;;;
1134709412;sebastian;lopez;42;sebastianlopez@unal.edu.co;cali;1;1;;;;;;;;
1134709413;santiago;martinez;42;santiagomartinez@unal.edu.co;popayan;1;1;;;;;;;;
1134709414;nicolas;ruiz;28;nicolasruiz@unal.edu.co;cali;1;1;;;;;;;;
1134709415;daniela;martinez;34;danielamartinez@unal.edu.co;manizales;1;1;;;;;;;;
1134709416;susana;vargas;23;susanavargas@unal.edu.co;cali;1;1;;;;;;;;
1134709417;luis;perez;36;luisperez@unal.edu.co;popayan;1;1;;;;;;;;
1134709418;pedro;ramirez;39;pedroramirez@unal.edu.co;bucaramanga;1;1;;;;;;;;
1134709419;jose;hernandez;36;josehernandez@unal.edu.co;villavicencio;1;1;;;;;;;;
1134709420;luisa;gomez;31;luisagomez@unal.edu.co;cali;1;1;;;;;;;;
1134709421;marina;sanchez;43;marinasanchez@unal.edu.co;cali;1;1;;;;;;;;
1134709422;ana;castro;21;anacastro@unal.edu.co;bucaramanga;1;1;;;;;;;;
1134709423;susana;gomez;28;susanagomez@unal.edu.co;bucaramanga;1;1;;;;;;;;
1134709424;sebastian;lopez;16;sebastianlopez@unal.edu.co;tunja;1;1;;;;;;;;
1134709425;pedro;garcia;21;pedrogarcia@unal.edu.co;bucaramanga;1;1;;;;;;;;
1134709426;nicolas;moreno;18;nicolasmoreno@unal.edu.co;cali;1;1;;;;;;;;
1134709427;jose;ramirez;35;joseramirez@unal.edu.co;tunja;1;1;;;;;;;;
1134709428;juan;diaz;25;juandiaz@unal.edu.co;medellin;1;1;;;;;;;;
1134709429;nicolas;diaz;27;nicolasdiaz@unal.edu.co;medellin;1;1;;;;;;;;
1134709430;samuel;ruiz;30;samuelruiz@unal.edu.co;barranquilla;1;1;;;;;;;;
1134709431;alejandro;gutierrez;18;alejandrogutierrez@unal.edu.co;tunja;1;1;;;;;;;;
1134709432;luz;diaz;29;luzdiaz@unal.edu.co;cali;1;1;;;;;;;;
1134709433;luisa;perez;18;luisaperez@unal.edu.co;cartagena;1;1;;;;;;;;
1134709434;jose;lopez;32;joselopez@unal.edu.co;bogota;1;1;;;;;;;;
1134709435;nicolas;torres;32;nicolastorres@unal.edu.co;popayan;1;1;;;;;;;;
1134709436;daniela;ruiz;33;danielaruiz@unal.edu.co;manizales;1;1;;;;;;;;
1134709437;nicolas;ortiz;29;nicolasortiz@unal.edu.co;villavicencio;1;1;;;;;;;;
1134709438;carlos;gonzalez;34;carlosgonzalez@unal.edu.co;bogota;1;1;;;;;;;;
1134709439;carlos;sanchez;23;carlossanchez@unal.edu.co;manizales;1;1;;;;;;;;
1134709440;santiago;ramirez;37;santiagoramirez@unal.edu.co;barranquilla;1;1;;;;;;;;
1134709441;luis;gutierrez;44;luisgutierrez@unal.edu.co;bucaramanga;1;1;;;;;;;;
1134709442;santiago;perez;24;santiagoperez@unal.edu.co;tunja;1;1;;;;;;;;
1134709443;luisa;rojas;19;luisarojas@unal.edu.co;cartagena;1;1;;;;;;;;
1134709444;marina;diaz;32;marinadiaz@unal.edu.co;bucaramanga;1;1;;;;;;;;
1134709445;alejandro;ruiz;36;alejandroruiz@unal.edu.co;cartagena;1;1;;;;;;;;
1134709446;nicolas;rodriguez;28;nicolasrodriguez@unal.edu.co;bogota;1;1;;;;;;;;
1134709447;sandra;rojas;21;sandrarojas@unal.edu.co;bucaramanga;1;1;;;;;;;;
1134709448;nicolas;jimenez;29;nicolasjimenez@unal.edu.co;barranquilla;1;1;;;;;;;;
1134709449;sebastian;sanchez;30;sebastiansanchez@unal.edu.co;tunja;1;1;;;;;;;;
1134709450;luz;garcia;16;luzgarcia@unal.edu.co;popayan;1;1;;;;;;;;
1134709451;luz;lopez;16;luzlopez@unal.edu.co;bogota;1;1;;;;;;;;
1134709452;sebastian;torres;23;sebastiantorres@unal.edu.co;barranquilla;1;1;;;;;;;;
1134709453;luz;rojas;42;luzrojas@unal.edu.co;bogota;1;1;;;;;;;;
1134709454;samuel;ramirez;45;samuelramirez@unal.edu.co;medellin;1;1;;;;;;;;
1134709455;ana;ortiz;16;anaortiz@unal.edu.co;villavicencio;1;1;;;;;;;;
1134709456;milena;sanchez;41;milenasanchez@unal.edu.co;bogota;1;1;;;;;;;;
1134709457;alejandro;ortiz;25;alejandroortiz@unal.edu.co;bogota;1;1;;;;;;;;
1134709458;daniela;martinez;29;danielamartinez@unal.edu.co;popayan;1;1;;;;;;;;
1134709459;ana;perez;24;anaperez@unal.edu.co;manizales;1;1;;;;;;;;
1134709460;luz;vargas;40;luzvargas@unal.edu.co;cali;1;1;;;;;;;;
1134709461;marina;gutierrez;33;marinagutierrez@unal.edu.co;manizales;1;1;;;;;;;;
1134709462;luis;castro;33;luiscastro@unal.edu.co;popayan;1;1;;;;;;;;
1134709463;juan;ramirez;32;juanramirez@unal.edu.co;bucaramanga;1;1;;;;;;;;
1134709464;luisa;vargas;34;luisavargas@unal.edu.co;tunja;1;1;;;;;;;;
1134709465;luis;martinez;27;luismartinez@unal.edu.co;manizales;1;1;;;;;;;;
1134709466;luz;martinez;19;luzmartinez@unal.edu.co;manizales;1;1;;;;;;;;
1134709467;liliana;diaz;27;lilianadiaz@unal.edu.co;cartagena;1;1;;;;;;;;
1134709468;liliana;lopez;19;lilianalopez@unal.edu.co;villavicencio;1;1;;;;;;;;
1134709469;liliana;rojas;41;lilianarojas@unal.edu.co;villavicencio;1;1;;;;;;;;
1134709470;sebastian;rojas;27;sebastianrojas@unal.edu.co;bucaramanga;1;1;;;;;;;;
1134709471;pedro;ruiz;21;pedroruiz@unal.edu.co;medellin;1;1;;;;;;;;
1134709472;luz;castro;16;luzcastro@unal.edu.co;cartagena;1;1;;;;;;;;
1134709473;alejandro;ortiz;22;alejandroortiz@unal.edu.co;cartagena;1;1;;;;;;;;
1134709474;sebastian;rodriguez;38;sebastianrodriguez@unal.edu.co;tunja;1;1;;;;;;;;
1134709475;carlos;gutierrez;26;carlosgutierrez@unal.edu.co;villavicencio;1;1;;;;;;;;
1134709476;luis;vargas;19;luisvargas@unal.edu.co;bogota;1;1;;;;;;;;
1134709477;liliana;hernandez;37;lilianahernandez@unal.edu.co;tunja;1;1;;;;;;;;
1134709478;susana;ruiz;37;susanaruiz@unal.edu.co;villavicencio;1;1;;;;;;;;
1134709479;nicolas;vargas;38;nicolasvargas@unal.edu.co;medellin;1;1;;;;;;;;
1134709480;daniela;gomez;30;danielagomez@unal.edu.co;medellin;1;1;;;;;;;;
1134709481;susana;perez;34;susanaperez@unal.edu.co;villavicencio;1;1;;;;;;;;
1134709482;ana;gomez;43;anagomez@unal.edu.co;villavicencio;1;1;;;;;;;;
1134709483;alejandro;torres;25;alejandrotorres@unal.edu.co;barranquilla;1;1;;;;;;;;
1134709484;samuel;sanchez;24;samuelsanchez@unal.edu.co;barranquilla;1;1;;;;;;;;
1134709485;alejandro;hernandez;21;alejandrohernandez@unal.edu.co;manizales;1;1;;;;;;;;
1134709486;sandra;hernandez;43;sandrahernandez@unal.edu.co;medellin;1;1;;;;;;;;
1134709487;milena;jimenez;23;milenajimenez@unal.edu.co;popayan;1;1;;;;;;;;
1134709488;luz;gomez;17;luzgomez@unal.edu.co;cartagena;1;1;;;;;;;;
1134709489;santiago;torres;30;santiagotorres@unal.edu.co;barranquilla;1;1;;;;;;;;
1134709490;samuel;gomez;38;samuelgomez@unal.edu.co;medellin;1;1;;;;;;;;
1134709491;liliana;gomez;17;lilianagomez@unal.edu.co;bogota;1;1;;;;;;;;
1134709492;ana;torres;45;anatorres@unal.edu.co;barranquilla;1;1;;;;;;;;
1134709493;liliana;gonzalez;23;lilianagonzalez@unal.edu.co;popayan;1;1;;;;;;;;
1134709494;alejandro;gomez;18;alejandrogomez@unal.edu.co;villavicencio;1;1;;;;;;;;
1134709495;daniela;lopez;38;danielalopez@unal.edu.co;villavicencio;1;1;;;;;;;;
1134709496;carlos;ortiz;23;carlosortiz@unal.edu.co;cartagena;1;1;;;;;;;;
1134709497;nicolas;hernandez;36;nicolashernandez@unal.edu.co;manizales;1;1;;;;;;;;
